Sector,District,District_Code,Population,Service,headcount,
public,Buffalo City MM,BUF,834997,Nursing_assistants,116.9,
public,Buffalo City MM,BUF,834997,Occupational_therapists,3.1,Occupational_therapists
public,Buffalo City MM,BUF,834997,Pharmacists,21,
public,Buffalo City MM,BUF,834997,Physiotherapists,4,
public,Buffalo City MM,BUF,834997,Professional_nurses,254.2,
public,Buffalo City MM,BUF,834997,Psychologists,0.9,
public,Buffalo City MM,BUF,834997,Radiographers,12.9,
public,Buffalo City MM,BUF,834997,Clinical_associate,0.6,
public,Buffalo City MM,BUF,834997,Dental_practitioners,3.6,
public,Buffalo City MM,BUF,834997,Dental_therapists,0.9,
public,Buffalo City MM,BUF,834997,Enrolled_nurses,71.4,
public,Buffalo City MM,BUF,834997,Medical_practitioners,70.8,
public,Buffalo City MM,BUF,834997,Medical_specialists,8.8,
public,Buffalo City MM,BUF,834997,Health_worker_density,29.3,
public,Buffalo City MM,BUF,834997,Environmental_health_practitioners,0.2,
public,Cape Town MM,CPT,4005016,Nursing_assistants,100,
public,Cape Town MM,CPT,4005016,Occupational_therapists,3.8,
public,Cape Town MM,CPT,4005016,Pharmacists,17.8,
public,Cape Town MM,CPT,4005016,Physiotherapists,3.6,
public,Cape Town MM,CPT,4005016,Professional_nurses,115.7,
public,Cape Town MM,CPT,4005016,Psychologists,2.4,
public,Cape Town MM,CPT,4005016,Radiographers,11.6,
public,Cape Town MM,CPT,4005016,Clinical_associate,0,
public,Cape Town MM,CPT,4005016,Dental_practitioners,2.9,
public,Cape Town MM,CPT,4005016,Dental_therapists,0.1,
public,Cape Town MM,CPT,4005016,Enrolled_nurses,54.6,
public,Cape Town MM,CPT,4005016,Medical_practitioners,45.5,
public,Cape Town MM,CPT,4005016,Medical_specialists,35.1,
public,Cape Town MM,CPT,4005016,Health_worker_density,18.4,
public,Cape Town MM,CPT,4005016,Environmental_health_practitioners,0,
public,West Coast DM,DC1,436403,Nursing_assistants,37.8,
public,West Coast DM,DC1,436403,Occupational_therapists,1.5,
public,West Coast DM,DC1,436403,Pharmacists,12.1,
public,West Coast DM,DC1,436403,Physiotherapists,2.3,
public,West Coast DM,DC1,436403,Professional_nurses,62.2,
public,West Coast DM,DC1,436403,Psychologists,1,
public,West Coast DM,DC1,436403,Radiographers,3.6,
public,West Coast DM,DC1,436403,Clinical_associate,0,
public,West Coast DM,DC1,436403,Dental_practitioners,1.5,
public,West Coast DM,DC1,436403,Dental_therapists,0,
public,West Coast DM,DC1,436403,Enrolled_nurses,37,
public,West Coast DM,DC1,436403,Medical_practitioners,18.8,
public,West Coast DM,DC1,436403,Medical_specialists,1.5,
public,West Coast DM,DC1,436403,Health_worker_density,9.8,
public,West Coast DM,DC1,436403,Environmental_health_practitioners,0,
public,Sarah Baartman DM,DC10,479923,Nursing_assistants,58.1,
public,Sarah Baartman DM,DC10,479923,Occupational_therapists,4.5,
public,Sarah Baartman DM,DC10,479923,Pharmacists,20.6,
public,Sarah Baartman DM,DC10,479923,Physiotherapists,3.5,
public,Sarah Baartman DM,DC10,479923,Professional_nurses,168.4,
public,Sarah Baartman DM,DC10,479923,Psychologists,3.5,
public,Sarah Baartman DM,DC10,479923,Radiographers,4.5,
public,Sarah Baartman DM,DC10,479923,Clinical_associate,1.9,
public,Sarah Baartman DM,DC10,479923,Dental_practitioners,3.7,
public,Sarah Baartman DM,DC10,479923,Dental_therapists,0.2,
public,Sarah Baartman DM,DC10,479923,Enrolled_nurses,40.4,
public,Sarah Baartman DM,DC10,479923,Medical_practitioners,21.4,
public,Sarah Baartman DM,DC10,479923,Medical_specialists,1,
public,Sarah Baartman DM,DC10,479923,Health_worker_density,17.1,
public,Sarah Baartman DM,DC10,479923,Environmental_health_practitioners,1,
public,Amathole DM,DC12,880790,Nursing_assistants,74.6,
public,Amathole DM,DC12,880790,Occupational_therapists,1.8,
public,Amathole DM,DC12,880790,Pharmacists,8.3,
public,Amathole DM,DC12,880790,Physiotherapists,1.9,
public,Amathole DM,DC12,880790,Professional_nurses,147.6,
public,Amathole DM,DC12,880790,Psychologists,0.2,
public,Amathole DM,DC12,880790,Radiographers,3.8,
public,Amathole DM,DC12,880790,Clinical_associate,1.9,
public,Amathole DM,DC12,880790,Dental_practitioners,2.5,
public,Amathole DM,DC12,880790,Dental_therapists,0.3,
public,Amathole DM,DC12,880790,Enrolled_nurses,40.9,
public,Amathole DM,DC12,880790,Medical_practitioners,10.8,
public,Amathole DM,DC12,880790,Medical_specialists,0.1,
public,Amathole DM,DC12,880790,Health_worker_density,9.6,
public,Amathole DM,DC12,880790,Environmental_health_practitioners,0.4,
public,C Hani DM,DC13,840055,Nursing_assistants,90.4,
public,C Hani DM,DC13,840055,Occupational_therapists,2.2,
public,C Hani DM,DC13,840055,Pharmacists,9,
public,C Hani DM,DC13,840055,Physiotherapists,2.2,
public,C Hani DM,DC13,840055,Professional_nurses,198.3,
public,C Hani DM,DC13,840055,Psychologists,0.5,
public,C Hani DM,DC13,840055,Radiographers,4.5,
public,C Hani DM,DC13,840055,Clinical_associate,2.3,
public,C Hani DM,DC13,840055,Dental_practitioners,2.3,
public,C Hani DM,DC13,840055,Dental_therapists,0,
public,C Hani DM,DC13,840055,Enrolled_nurses,55.4,
public,C Hani DM,DC13,840055,Medical_practitioners,21,
public,C Hani DM,DC13,840055,Medical_specialists,0.1,
public,C Hani DM,DC13,840055,Health_worker_density,13.5,
public,C Hani DM,DC13,840055,Environmental_health_practitioners,0.1,
public,Joe Gqabi DM,DC14,372912,Nursing_assistants,81.5,
public,Joe Gqabi DM,DC14,372912,Occupational_therapists,2.2,
public,Joe Gqabi DM,DC14,372912,Pharmacists,8.1,
public,Joe Gqabi DM,DC14,372912,Physiotherapists,1.4,
public,Joe Gqabi DM,DC14,372912,Professional_nurses,162.2,
public,Joe Gqabi DM,DC14,372912,Psychologists,0,
public,Joe Gqabi DM,DC14,372912,Radiographers,5.9,
public,Joe Gqabi DM,DC14,372912,Clinical_associate,2.8,
public,Joe Gqabi DM,DC14,372912,Dental_practitioners,2.2,
public,Joe Gqabi DM,DC14,372912,Dental_therapists,0,
public,Joe Gqabi DM,DC14,372912,Enrolled_nurses,46.9,
public,Joe Gqabi DM,DC14,372912,Medical_practitioners,19.8,
public,Joe Gqabi DM,DC14,372912,Medical_specialists,0,
public,Joe Gqabi DM,DC14,372912,Health_worker_density,12,
public,Joe Gqabi DM,DC14,372912,Environmental_health_practitioners,0.6,
public,OR Tambo DM,DC15,1457384,Nursing_assistants,92.9,
public,OR Tambo DM,DC15,1457384,Occupational_therapists,1.5,
public,OR Tambo DM,DC15,1457384,Pharmacists,14.8,
public,OR Tambo DM,DC15,1457384,Physiotherapists,2.1,
public,OR Tambo DM,DC15,1457384,Professional_nurses,153.5,
public,OR Tambo DM,DC15,1457384,Psychologists,0.3,
public,OR Tambo DM,DC15,1457384,Radiographers,4.2,
public,OR Tambo DM,DC15,1457384,Clinical_associate,0.9,
public,OR Tambo DM,DC15,1457384,Dental_practitioners,1.5,
public,OR Tambo DM,DC15,1457384,Dental_therapists,0.3,
public,OR Tambo DM,DC15,1457384,Enrolled_nurses,63.2,
public,OR Tambo DM,DC15,1457384,Medical_practitioners,34.8,
public,OR Tambo DM,DC15,1457384,Medical_specialists,3.6,
public,OR Tambo DM,DC15,1457384,Health_worker_density,17.4,
public,OR Tambo DM,DC15,1457384,Environmental_health_practitioners,0.3,
public,Xhariep DM,DC16,125884,Nursing_assistants,84.8,
public,Xhariep DM,DC16,125884,Occupational_therapists,5,
public,Xhariep DM,DC16,125884,Pharmacists,20.1,
public,Xhariep DM,DC16,125884,Physiotherapists,4.3,
public,Xhariep DM,DC16,125884,Professional_nurses,69,
public,Xhariep DM,DC16,125884,Psychologists,0,
public,Xhariep DM,DC16,125884,Radiographers,3.6,
public,Xhariep DM,DC16,125884,Clinical_associate,1.4,
public,Xhariep DM,DC16,125884,Dental_practitioners,5,
public,Xhariep DM,DC16,125884,Dental_therapists,0,
public,Xhariep DM,DC16,125884,Enrolled_nurses,37.4,
public,Xhariep DM,DC16,125884,Medical_practitioners,23,
public,Xhariep DM,DC16,125884,Medical_specialists,0,
public,Xhariep DM,DC16,125884,Health_worker_density,12.9,
public,Xhariep DM,DC16,125884,Environmental_health_practitioners,5.7,
public,Lejweleputswa DM,DC18,646920,Nursing_assistants,30.9,
public,Lejweleputswa DM,DC18,646920,Occupational_therapists,2,
public,Lejweleputswa DM,DC18,646920,Pharmacists,8.9,
public,Lejweleputswa DM,DC18,646920,Physiotherapists,1.3,
public,Lejweleputswa DM,DC18,646920,Professional_nurses,70.8,
public,Lejweleputswa DM,DC18,646920,Psychologists,0,
public,Lejweleputswa DM,DC18,646920,Radiographers,2.9,
public,Lejweleputswa DM,DC18,646920,Clinical_associate,0.7,
public,Lejweleputswa DM,DC18,646920,Dental_practitioners,1.8,
public,Lejweleputswa DM,DC18,646920,Dental_therapists,0,
public,Lejweleputswa DM,DC18,646920,Enrolled_nurses,40.7,
public,Lejweleputswa DM,DC18,646920,Medical_practitioners,18.3,
public,Lejweleputswa DM,DC18,646920,Medical_specialists,1.2,
public,Lejweleputswa DM,DC18,646920,Health_worker_density,9.2,
public,Lejweleputswa DM,DC18,646920,Environmental_health_practitioners,1.8,
public,T Mofutsanyana DM,DC19,779330,Nursing_assistants,53.1,
public,T Mofutsanyana DM,DC19,779330,Occupational_therapists,1.7,
public,T Mofutsanyana DM,DC19,779330,Pharmacists,10.2,
public,T Mofutsanyana DM,DC19,779330,Physiotherapists,2.3,
public,T Mofutsanyana DM,DC19,779330,Professional_nurses,60.2,
public,T Mofutsanyana DM,DC19,779330,Psychologists,0.3,
public,T Mofutsanyana DM,DC19,779330,Radiographers,4.4,
public,T Mofutsanyana DM,DC19,779330,Clinical_associate,0.1,
public,T Mofutsanyana DM,DC19,779330,Dental_practitioners,2.9,
public,T Mofutsanyana DM,DC19,779330,Dental_therapists,0,
public,T Mofutsanyana DM,DC19,779330,Enrolled_nurses,22.8,
public,T Mofutsanyana DM,DC19,779330,Medical_practitioners,22.4,
public,T Mofutsanyana DM,DC19,779330,Medical_specialists,2.3,
public,T Mofutsanyana DM,DC19,779330,Health_worker_density,9.7,
public,T Mofutsanyana DM,DC19,779330,Environmental_health_practitioners,3,
public,Cape Winelands DM,DC2,866001,Nursing_assistants,48.2,
public,Cape Winelands DM,DC2,866001,Occupational_therapists,1.7,
public,Cape Winelands DM,DC2,866001,Pharmacists,13.7,
public,Cape Winelands DM,DC2,866001,Physiotherapists,1.9,
public,Cape Winelands DM,DC2,866001,Professional_nurses,79.4,
public,Cape Winelands DM,DC2,866001,Psychologists,0.6,
public,Cape Winelands DM,DC2,866001,Radiographers,5.5,
public,Cape Winelands DM,DC2,866001,Clinical_associate,0,
public,Cape Winelands DM,DC2,866001,Dental_practitioners,7,
public,Cape Winelands DM,DC2,866001,Dental_therapists,0,
public,Cape Winelands DM,DC2,866001,Enrolled_nurses,46.8,
public,Cape Winelands DM,DC2,866001,Medical_practitioners,30,
public,Cape Winelands DM,DC2,866001,Medical_specialists,11,
public,Cape Winelands DM,DC2,866001,Health_worker_density,13,
public,Cape Winelands DM,DC2,866001,Environmental_health_practitioners,0,
public,Fezile Dabi DM,DC20,494777,Nursing_assistants,60.4,
public,Fezile Dabi DM,DC20,494777,Occupational_therapists,2.3,
public,Fezile Dabi DM,DC20,494777,Pharmacists,13.8,
public,Fezile Dabi DM,DC20,494777,Physiotherapists,1.6,
public,Fezile Dabi DM,DC20,494777,Professional_nurses,62,
public,Fezile Dabi DM,DC20,494777,Psychologists,0.7,
public,Fezile Dabi DM,DC20,494777,Radiographers,4.1,
public,Fezile Dabi DM,DC20,494777,Clinical_associate,1.8,
public,Fezile Dabi DM,DC20,494777,Dental_practitioners,2.5,
public,Fezile Dabi DM,DC20,494777,Dental_therapists,0,
public,Fezile Dabi DM,DC20,494777,Enrolled_nurses,33.1,
public,Fezile Dabi DM,DC20,494777,Medical_practitioners,23.4,
public,Fezile Dabi DM,DC20,494777,Medical_specialists,0.9,
public,Fezile Dabi DM,DC20,494777,Health_worker_density,11,
public,Fezile Dabi DM,DC20,494777,Environmental_health_practitioners,1.8,
public,Ugu DM,DC21,753336,Nursing_assistants,57.4,
public,Ugu DM,DC21,753336,Occupational_therapists,1.4,
public,Ugu DM,DC21,753336,Pharmacists,10.7,
public,Ugu DM,DC21,753336,Physiotherapists,3,
public,Ugu DM,DC21,753336,Professional_nurses,172.1,
public,Ugu DM,DC21,753336,Psychologists,0.7,
public,Ugu DM,DC21,753336,Radiographers,4.7,
public,Ugu DM,DC21,753336,Clinical_associate,1.9,
public,Ugu DM,DC21,753336,Dental_practitioners,2.2,
public,Ugu DM,DC21,753336,Dental_therapists,1.8,
public,Ugu DM,DC21,753336,Enrolled_nurses,78.1,
public,Ugu DM,DC21,753336,Medical_practitioners,30.4,
public,Ugu DM,DC21,753336,Medical_specialists,3.5,
public,Ugu DM,DC21,753336,Health_worker_density,15.5,
public,Ugu DM,DC21,753336,Environmental_health_practitioners,0.7,
public,uMgungundlovu DM,DC22,1095865,Nursing_assistants,69.6,
public,uMgungundlovu DM,DC22,1095865,Occupational_therapists,3.9,
public,uMgungundlovu DM,DC22,1095865,Pharmacists,10.3,
public,uMgungundlovu DM,DC22,1095865,Physiotherapists,4.3,
public,uMgungundlovu DM,DC22,1095865,Professional_nurses,246.1,
public,uMgungundlovu DM,DC22,1095865,Psychologists,3,
public,uMgungundlovu DM,DC22,1095865,Radiographers,8,
public,uMgungundlovu DM,DC22,1095865,Clinical_associate,1.5,
public,uMgungundlovu DM,DC22,1095865,Dental_practitioners,2.4,
public,uMgungundlovu DM,DC22,1095865,Dental_therapists,1.5,
public,uMgungundlovu DM,DC22,1095865,Enrolled_nurses,110.1,
public,uMgungundlovu DM,DC22,1095865,Medical_practitioners,60.2,
public,uMgungundlovu DM,DC22,1095865,Medical_specialists,19.2,
public,uMgungundlovu DM,DC22,1095865,Health_worker_density,21.7,
public,uMgungundlovu DM,DC22,1095865,Environmental_health_practitioners,0.8,
public,uThukela DM,DC23,706588,Nursing_assistants,39,
public,uThukela DM,DC23,706588,Occupational_therapists,1.3,
public,uThukela DM,DC23,706588,Pharmacists,4.9,
public,uThukela DM,DC23,706588,Physiotherapists,3.2,
public,uThukela DM,DC23,706588,Professional_nurses,119,
public,uThukela DM,DC23,706588,Psychologists,0.3,
public,uThukela DM,DC23,706588,Radiographers,4.3,
public,uThukela DM,DC23,706588,Clinical_associate,1.4,
public,uThukela DM,DC23,706588,Dental_practitioners,1.4,
public,uThukela DM,DC23,706588,Dental_therapists,0.3,
public,uThukela DM,DC23,706588,Enrolled_nurses,70.1,
public,uThukela DM,DC23,706588,Medical_practitioners,22,
public,uThukela DM,DC23,706588,Medical_specialists,2.5,
public,uThukela DM,DC23,706588,Health_worker_density,9.5,
public,uThukela DM,DC23,706588,Environmental_health_practitioners,0.6,
public,uMzinyathi DM,DC24,554882,Nursing_assistants,54.7,
public,uMzinyathi DM,DC24,554882,Occupational_therapists,1.5,
public,uMzinyathi DM,DC24,554882,Pharmacists,6.6,
public,uMzinyathi DM,DC24,554882,Physiotherapists,2,
public,uMzinyathi DM,DC24,554882,Professional_nurses,176.3,
public,uMzinyathi DM,DC24,554882,Psychologists,0.2,
public,uMzinyathi DM,DC24,554882,Radiographers,3.3,
public,uMzinyathi DM,DC24,554882,Clinical_associate,2,
public,uMzinyathi DM,DC24,554882,Dental_practitioners,1.1,
public,uMzinyathi DM,DC24,554882,Dental_therapists,0.6,
public,uMzinyathi DM,DC24,554882,Enrolled_nurses,106.3,
public,uMzinyathi DM,DC24,554882,Medical_practitioners,17.3,
public,uMzinyathi DM,DC24,554882,Medical_specialists,0.2,
public,uMzinyathi DM,DC24,554882,Health_worker_density,11,
public,uMzinyathi DM,DC24,554882,Environmental_health_practitioners,0.6,
public,Amajuba DM,DC25,531327,Nursing_assistants,69.4,
public,Amajuba DM,DC25,531327,Occupational_therapists,2.4,
public,Amajuba DM,DC25,531327,Pharmacists,9,
public,Amajuba DM,DC25,531327,Physiotherapists,3.7,
public,Amajuba DM,DC25,531327,Professional_nurses,163.5,
public,Amajuba DM,DC25,531327,Psychologists,0.9,
public,Amajuba DM,DC25,531327,Radiographers,6.3,
public,Amajuba DM,DC25,531327,Clinical_associate,2.8,
public,Amajuba DM,DC25,531327,Dental_practitioners,1.5,
public,Amajuba DM,DC25,531327,Dental_therapists,1.1,
public,Amajuba DM,DC25,531327,Enrolled_nurses,82.6,
public,Amajuba DM,DC25,531327,Medical_practitioners,44.7,
public,Amajuba DM,DC25,531327,Medical_specialists,2.2,
public,Amajuba DM,DC25,531327,Health_worker_density,16.4,
public,Amajuba DM,DC25,531327,Environmental_health_practitioners,0.6,
public,Zululand DM,DC26,892310,Nursing_assistants,45.7,
public,Zululand DM,DC26,892310,Occupational_therapists,0.9,
public,Zululand DM,DC26,892310,Pharmacists,6.3,
public,Zululand DM,DC26,892310,Physiotherapists,2.2,
public,Zululand DM,DC26,892310,Professional_nurses,135.1,
public,Zululand DM,DC26,892310,Psychologists,0,
public,Zululand DM,DC26,892310,Radiographers,3.1,
public,Zululand DM,DC26,892310,Clinical_associate,1.7,
public,Zululand DM,DC26,892310,Dental_practitioners,1.4,
public,Zululand DM,DC26,892310,Dental_therapists,0.5,
public,Zululand DM,DC26,892310,Enrolled_nurses,84.6,
public,Zululand DM,DC26,892310,Medical_practitioners,14.3,
public,Zululand DM,DC26,892310,Medical_specialists,0.2,
public,Zululand DM,DC26,892310,Health_worker_density,9.3,
public,Zululand DM,DC26,892310,Environmental_health_practitioners,0.7,
public,uMkhanyakude DM,DC27,689090,Nursing_assistants,50,
public,uMkhanyakude DM,DC27,689090,Occupational_therapists,2.7,
public,uMkhanyakude DM,DC27,689090,Pharmacists,6.6,
public,uMkhanyakude DM,DC27,689090,Physiotherapists,2.5,
public,uMkhanyakude DM,DC27,689090,Professional_nurses,145.3,
public,uMkhanyakude DM,DC27,689090,Psychologists,0.3,
public,uMkhanyakude DM,DC27,689090,Radiographers,4.3,
public,uMkhanyakude DM,DC27,689090,Clinical_associate,1.3,
public,uMkhanyakude DM,DC27,689090,Dental_practitioners,1.3,
public,uMkhanyakude DM,DC27,689090,Dental_therapists,1.3,
public,uMkhanyakude DM,DC27,689090,Enrolled_nurses,119.5,
public,uMkhanyakude DM,DC27,689090,Medical_practitioners,11.9,
public,uMkhanyakude DM,DC27,689090,Medical_specialists,0.3,
public,uMkhanyakude DM,DC27,689090,Health_worker_density,9.1,
public,uMkhanyakude DM,DC27,689090,Environmental_health_practitioners,2.2,
public,King Cetshwayo DM,DC28,971135,Nursing_assistants,52.7,
public,King Cetshwayo DM,DC28,971135,Occupational_therapists,1.2,
public,King Cetshwayo DM,DC28,971135,Pharmacists,7.8,
public,King Cetshwayo DM,DC28,971135,Physiotherapists,1.4,
public,King Cetshwayo DM,DC28,971135,Professional_nurses,175,
public,King Cetshwayo DM,DC28,971135,Psychologists,0.3,
public,King Cetshwayo DM,DC28,971135,Radiographers,5,
public,King Cetshwayo DM,DC28,971135,Clinical_associate,0.5,
public,King Cetshwayo DM,DC28,971135,Dental_practitioners,1.6,
public,King Cetshwayo DM,DC28,971135,Dental_therapists,0.4,
public,King Cetshwayo DM,DC28,971135,Enrolled_nurses,118.6,
public,King Cetshwayo DM,DC28,971135,Medical_practitioners,36.7,
public,King Cetshwayo DM,DC28,971135,Medical_specialists,4,
public,King Cetshwayo DM,DC28,971135,Health_worker_density,15,
public,King Cetshwayo DM,DC28,971135,Environmental_health_practitioners,0.9,
public,iLembe DM,DC29,657612,Nursing_assistants,43.7,
public,iLembe DM,DC29,657612,Occupational_therapists,1.4,
public,iLembe DM,DC29,657612,Pharmacists,7.8,
public,iLembe DM,DC29,657612,Physiotherapists,3.2,
public,iLembe DM,DC29,657612,Professional_nurses,133.1,
public,iLembe DM,DC29,657612,Psychologists,0.2,
public,iLembe DM,DC29,657612,Radiographers,5,
public,iLembe DM,DC29,657612,Clinical_associate,1.7,
public,iLembe DM,DC29,657612,Dental_practitioners,2,
public,iLembe DM,DC29,657612,Dental_therapists,1.2,
public,iLembe DM,DC29,657612,Enrolled_nurses,75.6,
public,iLembe DM,DC29,657612,Medical_practitioners,30.9,
public,iLembe DM,DC29,657612,Medical_specialists,5.7,
public,iLembe DM,DC29,657612,Health_worker_density,12.9,
public,iLembe DM,DC29,657612,Environmental_health_practitioners,0.5,
public,Overberg DM,DC3,286786,Nursing_assistants,31.6,
public,Overberg DM,DC3,286786,Occupational_therapists,1.2,
public,Overberg DM,DC3,286786,Pharmacists,16.4,
public,Overberg DM,DC3,286786,Physiotherapists,1.2,
public,Overberg DM,DC3,286786,Professional_nurses,71.6,
public,Overberg DM,DC3,286786,Psychologists,0.8,
public,Overberg DM,DC3,286786,Radiographers,4.4,
public,Overberg DM,DC3,286786,Dental_practitioners,2,
public,Overberg DM,DC3,286786,Enrolled_nurses,29.6,
public,Overberg DM,DC3,286786,Medical_practitioners,19.2,
public,Overberg DM,DC3,286786,Medical_specialists,1.6,
public,Overberg DM,DC3,286786,Health_worker_density,11.4,
public,G Sibande DM,DC30,1135409,Nursing_assistants,36.4,
public,G Sibande DM,DC30,1135409,Occupational_therapists,2.4,
public,G Sibande DM,DC30,1135409,Pharmacists,9,
public,G Sibande DM,DC30,1135409,Physiotherapists,2.5,
public,G Sibande DM,DC30,1135409,Professional_nurses,141.5,
public,G Sibande DM,DC30,1135409,Psychologists,0.8,
public,G Sibande DM,DC30,1135409,Radiographers,3.8,
public,G Sibande DM,DC30,1135409,Clinical_associate,2.3,
public,G Sibande DM,DC30,1135409,Dental_practitioners,3.2,
public,G Sibande DM,DC30,1135409,Dental_therapists,0.6,
public,G Sibande DM,DC30,1135409,Enrolled_nurses,45.4,
public,G Sibande DM,DC30,1135409,Medical_practitioners,22.3,
public,G Sibande DM,DC30,1135409,Medical_specialists,0.2,
public,G Sibande DM,DC30,1135409,Health_worker_density,12.4,
public,G Sibande DM,DC30,1135409,Environmental_health_practitioners,1,
public,Nkangala DM,DC31,1445624,Nursing_assistants,27.4,
public,Nkangala DM,DC31,1445624,Occupational_therapists,1.7,
public,Nkangala DM,DC31,1445624,Pharmacists,5,
public,Nkangala DM,DC31,1445624,Physiotherapists,2.5,
public,Nkangala DM,DC31,1445624,Professional_nurses,101.4,
public,Nkangala DM,DC31,1445624,Psychologists,1,
public,Nkangala DM,DC31,1445624,Radiographers,3.2,
public,Nkangala DM,DC31,1445624,Clinical_associate,1.2,
public,Nkangala DM,DC31,1445624,Dental_practitioners,2.3,
public,Nkangala DM,DC31,1445624,Dental_therapists,0.2,
public,Nkangala DM,DC31,1445624,Enrolled_nurses,25.6,
public,Nkangala DM,DC31,1445624,Medical_practitioners,21.6,
public,Nkangala DM,DC31,1445624,Medical_specialists,2.3,
public,Nkangala DM,DC31,1445624,Health_worker_density,9,
public,Nkangala DM,DC31,1445624,Environmental_health_practitioners,0.9,
public,Ehlanzeni DM,DC32,1754931,Nursing_assistants,45.7,
public,Ehlanzeni DM,DC32,1754931,Occupational_therapists,2.9,
public,Ehlanzeni DM,DC32,1754931,Pharmacists,10.2,
public,Ehlanzeni DM,DC32,1754931,Physiotherapists,3,
public,Ehlanzeni DM,DC32,1754931,Professional_nurses,174,
public,Ehlanzeni DM,DC32,1754931,Psychologists,1.1,
public,Ehlanzeni DM,DC32,1754931,Radiographers,3.7,
public,Ehlanzeni DM,DC32,1754931,Clinical_associate,1.7,
public,Ehlanzeni DM,DC32,1754931,Dental_practitioners,2.6,
public,Ehlanzeni DM,DC32,1754931,Dental_therapists,0.6,
public,Ehlanzeni DM,DC32,1754931,Enrolled_nurses,64.6,
public,Ehlanzeni DM,DC32,1754931,Medical_practitioners,32.3,
public,Ehlanzeni DM,DC32,1754931,Medical_specialists,2.6,
public,Ehlanzeni DM,DC32,1754931,Health_worker_density,15.6,
public,Ehlanzeni DM,DC32,1754931,Environmental_health_practitioners,1.9,
public,Mopani DM,DC33,1159185,Nursing_assistants,82.1,
public,Mopani DM,DC33,1159185,Occupational_therapists,3.5,
public,Mopani DM,DC33,1159185,Pharmacists,8,
public,Mopani DM,DC33,1159185,Physiotherapists,2.9,
public,Mopani DM,DC33,1159185,Professional_nurses,154,
public,Mopani DM,DC33,1159185,Psychologists,2.1,
public,Mopani DM,DC33,1159185,Radiographers,2.4,
public,Mopani DM,DC33,1159185,Clinical_associate,0.3,
public,Mopani DM,DC33,1159185,Dental_practitioners,2.8,
public,Mopani DM,DC33,1159185,Dental_therapists,2.3,
public,Mopani DM,DC33,1159185,Enrolled_nurses,63,
public,Mopani DM,DC33,1159185,Medical_practitioners,17.2,
public,Mopani DM,DC33,1159185,Medical_specialists,0.7,
public,Mopani DM,DC33,1159185,Health_worker_density,11.2,
public,Mopani DM,DC33,1159185,Environmental_health_practitioners,1.3,
public,Vhembe DM,DC34,1393949,Nursing_assistants,81.5,
public,Vhembe DM,DC34,1393949,Occupational_therapists,4.4,
public,Vhembe DM,DC34,1393949,Pharmacists,7.6,
public,Vhembe DM,DC34,1393949,Physiotherapists,3.1,
public,Vhembe DM,DC34,1393949,Professional_nurses,192.1,
public,Vhembe DM,DC34,1393949,Psychologists,1.1,
public,Vhembe DM,DC34,1393949,Radiographers,2.5,
public,Vhembe DM,DC34,1393949,Clinical_associate,0.2,
public,Vhembe DM,DC34,1393949,Dental_practitioners,2.5,
public,Vhembe DM,DC34,1393949,Dental_therapists,3,
public,Vhembe DM,DC34,1393949,Enrolled_nurses,62.2,
public,Vhembe DM,DC34,1393949,Medical_practitioners,16.7,
public,Vhembe DM,DC34,1393949,Medical_specialists,0.1,
public,Vhembe DM,DC34,1393949,Health_worker_density,11.8,
public,Vhembe DM,DC34,1393949,Environmental_health_practitioners,1.1,
public,Capricorn DM,DC35,1330436,Nursing_assistants,95,
public,Capricorn DM,DC35,1330436,Occupational_therapists,5.3,
public,Capricorn DM,DC35,1330436,Pharmacists,14.5,
public,Capricorn DM,DC35,1330436,Physiotherapists,3.9,
public,Capricorn DM,DC35,1330436,Professional_nurses,173.7,
public,Capricorn DM,DC35,1330436,Psychologists,3.4,
public,Capricorn DM,DC35,1330436,Radiographers,5.5,
public,Capricorn DM,DC35,1330436,Clinical_associate,0.2,
public,Capricorn DM,DC35,1330436,Dental_practitioners,4.5,
public,Capricorn DM,DC35,1330436,Dental_therapists,1.9,
public,Capricorn DM,DC35,1330436,Enrolled_nurses,84,
public,Capricorn DM,DC35,1330436,Medical_practitioners,44.1,
public,Capricorn DM,DC35,1330436,Medical_specialists,4.4,
public,Capricorn DM,DC35,1330436,Health_worker_density,19.5,
public,Capricorn DM,DC35,1330436,Environmental_health_practitioners,0.7,
public,Waterberg DM,DC36,745758,Nursing_assistants,93.4,
public,Waterberg DM,DC36,745758,Occupational_therapists,4.5,
public,Waterberg DM,DC36,745758,Pharmacists,13.9,
public,Waterberg DM,DC36,745758,Physiotherapists,4.7,
public,Waterberg DM,DC36,745758,Professional_nurses,172.1,
public,Waterberg DM,DC36,745758,Psychologists,3.5,
public,Waterberg DM,DC36,745758,Radiographers,4.9,
public,Waterberg DM,DC36,745758,Clinical_associate,0,
public,Waterberg DM,DC36,745758,Dental_practitioners,5.5,
public,Waterberg DM,DC36,745758,Dental_therapists,3.2,
public,Waterberg DM,DC36,745758,Enrolled_nurses,88,
public,Waterberg DM,DC36,745758,Medical_practitioners,32.9,
public,Waterberg DM,DC36,745758,Medical_specialists,0.8,
public,Waterberg DM,DC36,745758,Health_worker_density,17.4,
public,Waterberg DM,DC36,745758,Environmental_health_practitioners,1.5,
public,"Bojanala PlatinumDM",DC37,1657148,Nursing_assistants,50.3,
public,"Bojanala PlatinumDM",DC37,1657148,Occupational_therapists,1.2,
public,"Bojanala PlatinumDM",DC37,1657148,Pharmacists,5.8,
public,"Bojanala PlatinumDM",DC37,1657148,Physiotherapists,2.1,
public,"Bojanala PlatinumDM",DC37,1657148,Professional_nurses,99.7,
public,"Bojanala PlatinumDM",DC37,1657148,Psychologists,0.6,
public,"Bojanala PlatinumDM",DC37,1657148,Radiographers,2.3,
public,"Bojanala PlatinumDM",DC37,1657148,Clinical_associate,0.1,
public,"Bojanala PlatinumDM",DC37,1657148,Dental_practitioners,1.5,
public,"Bojanala PlatinumDM",DC37,1657148,Dental_therapists,0.1,
public,"Bojanala PlatinumDM",DC37,1657148,Enrolled_nurses,19,
public,"Bojanala PlatinumDM",DC37,1657148,Medical_practitioners,18.2,
public,"Bojanala PlatinumDM",DC37,1657148,Medical_specialists,1.5,
public,"Bojanala PlatinumDM",DC37,1657148,Health_worker_density,8.9,
public,"Bojanala PlatinumDM",DC37,1657148,Environmental_health_practitioners,1.1,
public,NM Molema DM,DC38,889108,Nursing_assistants,72.9,
public,NM Molema DM,DC38,889108,Occupational_therapists,1.6,
public,NM Molema DM,DC38,889108,Pharmacists,8.9,
public,NM Molema DM,DC38,889108,Physiotherapists,3,
public,NM Molema DM,DC38,889108,Professional_nurses,131.5,
public,NM Molema DM,DC38,889108,Psychologists,1.5,
public,NM Molema DM,DC38,889108,Radiographers,2.4,
public,NM Molema DM,DC38,889108,Clinical_associate,1,
public,NM Molema DM,DC38,889108,Dental_practitioners,2.5,
public,NM Molema DM,DC38,889108,Dental_therapists,0.7,
public,NM Molema DM,DC38,889108,Enrolled_nurses,25.8,
public,NM Molema DM,DC38,889108,Medical_practitioners,22.5,
public,NM Molema DM,DC38,889108,Medical_specialists,1.7,
public,NM Molema DM,DC38,889108,Health_worker_density,12.1,
public,NM Molema DM,DC38,889108,Environmental_health_practitioners,2.1,
public,RS Mompati DM,DC39,459357,Nursing_assistants,96.7,
public,RS Mompati DM,DC39,459357,Occupational_therapists,1.8,
public,RS Mompati DM,DC39,459357,Pharmacists,9.4,
public,RS Mompati DM,DC39,459357,Physiotherapists,3.6,
public,RS Mompati DM,DC39,459357,Professional_nurses,164.6,
public,RS Mompati DM,DC39,459357,Psychologists,0.5,
public,RS Mompati DM,DC39,459357,Radiographers,2.9,
public,RS Mompati DM,DC39,459357,Clinical_associate,1.6,
public,RS Mompati DM,DC39,459357,Dental_practitioners,3.8,
public,RS Mompati DM,DC39,459357,Dental_therapists,0.5,
public,RS Mompati DM,DC39,459357,Enrolled_nurses,40.1,
public,RS Mompati DM,DC39,459357,Medical_practitioners,16.4,
public,RS Mompati DM,DC39,459357,Medical_specialists,2,
public,RS Mompati DM,DC39,459357,Health_worker_density,11.9,
public,RS Mompati DM,DC39,459357,Environmental_health_practitioners,2.2,
public,Garden Route DM,DC4,611278,Nursing_assistants,52.3,
public,Garden Route DM,DC4,611278,Occupational_therapists,1.7,
public,Garden Route DM,DC4,611278,Pharmacists,21.3,
public,Garden Route DM,DC4,611278,Physiotherapists,2.3,
public,Garden Route DM,DC4,611278,Professional_nurses,94.3,
public,Garden Route DM,DC4,611278,Psychologists,0.4,
public,Garden Route DM,DC4,611278,Radiographers,4.7,
public,Garden Route DM,DC4,611278,Clinical_associate,0,
public,Garden Route DM,DC4,611278,Dental_practitioners,2.4,
public,Garden Route DM,DC4,611278,Dental_therapists,0,
public,Garden Route DM,DC4,611278,Enrolled_nurses,46.3,
public,Garden Route DM,DC4,611278,Medical_practitioners,35,
public,Garden Route DM,DC4,611278,Medical_specialists,9.6,
public,Garden Route DM,DC4,611278,Health_worker_density,16.7,
public,Garden Route DM,DC4,611278,Environmental_health_practitioners,0,
public,Dr K Kaunda DM,DC40,742821,Nursing_assistants,134.8,
public,Dr K Kaunda DM,DC40,742821,Occupational_therapists,4,
public,Dr K Kaunda DM,DC40,742821,Pharmacists,13.1,
public,Dr K Kaunda DM,DC40,742821,Physiotherapists,4,
public,Dr K Kaunda DM,DC40,742821,Professional_nurses,193.2,
public,Dr K Kaunda DM,DC40,742821,Psychologists,2.7,
public,Dr K Kaunda DM,DC40,742821,Radiographers,7.1,
public,Dr K Kaunda DM,DC40,742821,Clinical_associate,1.9,
public,Dr K Kaunda DM,DC40,742821,Dental_practitioners,2.2,
public,Dr K Kaunda DM,DC40,742821,Dental_therapists,0.3,
public,Dr K Kaunda DM,DC40,742821,Enrolled_nurses,40.4,
public,Dr K Kaunda DM,DC40,742821,Medical_practitioners,54.2,
public,Dr K Kaunda DM,DC40,742821,Medical_specialists,11.6,
public,Dr K Kaunda DM,DC40,742821,Health_worker_density,20.9,
public,Dr K Kaunda DM,DC40,742821,Environmental_health_practitioners,1.5,
public,Sedibeng DM,DC42,957528,Nursing_assistants,43,
public,Sedibeng DM,DC42,957528,Occupational_therapists,2.8,
public,Sedibeng DM,DC42,957528,Pharmacists,17.8,
public,Sedibeng DM,DC42,957528,Physiotherapists,1.9,
public,Sedibeng DM,DC42,957528,Professional_nurses,123.5,
public,Sedibeng DM,DC42,957528,Psychologists,0.6,
public,Sedibeng DM,DC42,957528,Radiographers,4.8,
public,Sedibeng DM,DC42,957528,Clinical_associate,0.9,
public,Sedibeng DM,DC42,957528,Dental_practitioners,2.3,
public,Sedibeng DM,DC42,957528,Dental_therapists,0.8,
public,Sedibeng DM,DC42,957528,Enrolled_nurses,62.3,
public,Sedibeng DM,DC42,957528,Medical_practitioners,23.5,
public,Sedibeng DM,DC42,957528,Medical_specialists,4.3,
public,Sedibeng DM,DC42,957528,Health_worker_density,15.1,
public,Sedibeng DM,DC42,957528,Environmental_health_practitioners,1,
public,Harry Gwala DM,DC43,510865,Nursing_assistants,62.1,
public,Harry Gwala DM,DC43,510865,Occupational_therapists,2,
public,Harry Gwala DM,DC43,510865,Pharmacists,6.9,
public,Harry Gwala DM,DC43,510865,Physiotherapists,2.4,
public,Harry Gwala DM,DC43,510865,Professional_nurses,153.8,
public,Harry Gwala DM,DC43,510865,Psychologists,0.6,
public,Harry Gwala DM,DC43,510865,Radiographers,3.3,
public,Harry Gwala DM,DC43,510865,Clinical_associate,1,
public,Harry Gwala DM,DC43,510865,Dental_practitioners,1,
public,Harry Gwala DM,DC43,510865,Dental_therapists,1.2,
public,Harry Gwala DM,DC43,510865,Enrolled_nurses,78,
public,Harry Gwala DM,DC43,510865,Medical_practitioners,15.9,
public,Harry Gwala DM,DC43,510865,Medical_specialists,0.2,
public,Harry Gwala DM,DC43,510865,Health_worker_density,10.4,
public,Harry Gwala DM,DC43,510865,Environmental_health_practitioners,1.4,
public,A Nzo DM,DC44,867864,Nursing_assistants,68.6,
public,A Nzo DM,DC44,867864,Occupational_therapists,0.5,
public,A Nzo DM,DC44,867864,Pharmacists,4.1,
public,A Nzo DM,DC44,867864,Physiotherapists,1.5,
public,A Nzo DM,DC44,867864,Professional_nurses,104.4,
public,A Nzo DM,DC44,867864,Psychologists,0,
public,A Nzo DM,DC44,867864,Radiographers,2.2,
public,A Nzo DM,DC44,867864,Clinical_associate,1.4,
public,A Nzo DM,DC44,867864,Dental_practitioners,1.3,
public,A Nzo DM,DC44,867864,Dental_therapists,0,
public,A Nzo DM,DC44,867864,Enrolled_nurses,33.6,
public,A Nzo DM,DC44,867864,Medical_practitioners,10.4,
public,A Nzo DM,DC44,867864,Medical_specialists,0,
public,A Nzo DM,DC44,867864,Health_worker_density,6.7,
public,A Nzo DM,DC44,867864,Environmental_health_practitioners,0.1,
public,JT Gaetsewe DM,DC45,242264,Nursing_assistants,54.2,
public,JT Gaetsewe DM,DC45,242264,Occupational_therapists,1.9,
public,JT Gaetsewe DM,DC45,242264,Pharmacists,5.7,
public,JT Gaetsewe DM,DC45,242264,Physiotherapists,2.4,
public,JT Gaetsewe DM,DC45,242264,Professional_nurses,127.7,
public,JT Gaetsewe DM,DC45,242264,Psychologists,0,
public,JT Gaetsewe DM,DC45,242264,Radiographers,3.3,
public,JT Gaetsewe DM,DC45,242264,Clinical_associate,0.9,
public,JT Gaetsewe DM,DC45,242264,Dental_practitioners,0.9,
public,JT Gaetsewe DM,DC45,242264,Dental_therapists,0,
public,JT Gaetsewe DM,DC45,242264,Enrolled_nurses,10.8,
public,JT Gaetsewe DM,DC45,242264,Medical_practitioners,9.4,
public,JT Gaetsewe DM,DC45,242264,Medical_specialists,0.5,
public,JT Gaetsewe DM,DC45,242264,Health_worker_density,7.7,
public,JT Gaetsewe DM,DC45,242264,Environmental_health_practitioners,0.9,
public,Sekhukhune DM,DC47,1169762,Nursing_assistants,69,
public,Sekhukhune DM,DC47,1169762,Occupational_therapists,2.8,
public,Sekhukhune DM,DC47,1169762,Pharmacists,9.6,
public,Sekhukhune DM,DC47,1169762,Physiotherapists,2.8,
public,Sekhukhune DM,DC47,1169762,Professional_nurses,130.6,
public,Sekhukhune DM,DC47,1169762,Psychologists,1.7,
public,Sekhukhune DM,DC47,1169762,Radiographers,3,
public,Sekhukhune DM,DC47,1169762,Clinical_associate,0.3,
public,Sekhukhune DM,DC47,1169762,Dental_practitioners,2.8,
public,Sekhukhune DM,DC47,1169762,Dental_therapists,2.1,
public,Sekhukhune DM,DC47,1169762,Enrolled_nurses,62.9,
public,Sekhukhune DM,DC47,1169762,Medical_practitioners,15.2,
public,Sekhukhune DM,DC47,1169762,Medical_specialists,0.3,
public,Sekhukhune DM,DC47,1169762,Health_worker_density,10.8,
public,Sekhukhune DM,DC47,1169762,Environmental_health_practitioners,0.9,
public,West Rand DM,DC48,838594,Nursing_assistants,83.3,
public,West Rand DM,DC48,838594,Occupational_therapists,3.1,
public,West Rand DM,DC48,838594,Pharmacists,15.5,
public,West Rand DM,DC48,838594,Physiotherapists,2.7,
public,West Rand DM,DC48,838594,Professional_nurses,183.7,
public,West Rand DM,DC48,838594,Psychologists,4.1,
public,West Rand DM,DC48,838594,Radiographers,5,
public,West Rand DM,DC48,838594,Clinical_associate,1,
public,West Rand DM,DC48,838594,Dental_practitioners,2.4,
public,West Rand DM,DC48,838594,Dental_therapists,0.7,
public,West Rand DM,DC48,838594,Enrolled_nurses,96.6,
public,West Rand DM,DC48,838594,Medical_practitioners,38.3,
public,West Rand DM,DC48,838594,Medical_specialists,8.6,
public,West Rand DM,DC48,838594,Health_worker_density,19.4,
public,West Rand DM,DC48,838594,Environmental_health_practitioners,1.5,
public,Central Karoo DM,DC5,74247,Nursing_assistants,81,
public,Central Karoo DM,DC5,74247,Occupational_therapists,1.5,
public,Central Karoo DM,DC5,74247,Pharmacists,28,
public,Central Karoo DM,DC5,74247,Physiotherapists,1.5,
public,Central Karoo DM,DC5,74247,Professional_nurses,125.2,
public,Central Karoo DM,DC5,74247,Psychologists,0,
public,Central Karoo DM,DC5,74247,Radiographers,5.9,
public,Central Karoo DM,DC5,74247,Clinical_associate,0,
public,Central Karoo DM,DC5,74247,Dental_practitioners,2.9,
public,Central Karoo DM,DC5,74247,Dental_therapists,0,
public,Central Karoo DM,DC5,74247,Enrolled_nurses,48.6,
public,Central Karoo DM,DC5,74247,Medical_practitioners,26.5,
public,Central Karoo DM,DC5,74247,Medical_specialists,0,
public,Central Karoo DM,DC5,74247,Health_worker_density,18.4,
public,Central Karoo DM,DC5,74247,Environmental_health_practitioners,0,
public,Namakwa DM,DC6,115488,Nursing_assistants,89.8,
public,Namakwa DM,DC6,115488,Occupational_therapists,7.5,
public,Namakwa DM,DC6,115488,Pharmacists,12.8,
public,Namakwa DM,DC6,115488,Physiotherapists,11.8,
public,Namakwa DM,DC6,115488,Professional_nurses,158.2,
public,Namakwa DM,DC6,115488,Psychologists,1.1,
public,Namakwa DM,DC6,115488,Radiographers,10.7,
public,Namakwa DM,DC6,115488,Clinical_associate,0,
public,Namakwa DM,DC6,115488,Dental_practitioners,6.4,
public,Namakwa DM,DC6,115488,Dental_therapists,0,
public,Namakwa DM,DC6,115488,Enrolled_nurses,32.1,
public,Namakwa DM,DC6,115488,Medical_practitioners,22.4,
public,Namakwa DM,DC6,115488,Medical_specialists,0,
public,Namakwa DM,DC6,115488,Health_worker_density,14.5,
public,Namakwa DM,DC6,115488,Environmental_health_practitioners,3.2,
public,Pixley Ka Seme DM,DC7,195595,Nursing_assistants,79.8,
public,Pixley Ka Seme DM,DC7,195595,Occupational_therapists,3.3,
public,Pixley Ka Seme DM,DC7,195595,Pharmacists,17.9,
public,Pixley Ka Seme DM,DC7,195595,Physiotherapists,3.3,
public,Pixley Ka Seme DM,DC7,195595,Professional_nurses,116.2,
public,Pixley Ka Seme DM,DC7,195595,Psychologists,1.1,
public,Pixley Ka Seme DM,DC7,195595,Radiographers,6.5,
public,Pixley Ka Seme DM,DC7,195595,Clinical_associate,0,
public,Pixley Ka Seme DM,DC7,195595,Dental_practitioners,3.8,
public,Pixley Ka Seme DM,DC7,195595,Dental_therapists,0,
public,Pixley Ka Seme DM,DC7,195595,Enrolled_nurses,21.7,
public,Pixley Ka Seme DM,DC7,195595,Medical_practitioners,10.9,
public,Pixley Ka Seme DM,DC7,195595,Medical_specialists,0,
public,Pixley Ka Seme DM,DC7,195595,Health_worker_density,11.5,
public,Pixley Ka Seme DM,DC7,195595,Environmental_health_practitioners,2.7,
public,ZF Mgcawu DM,DC8,252692,Nursing_assistants,85.1,
public,ZF Mgcawu DM,DC8,252692,Occupational_therapists,4,
public,ZF Mgcawu DM,DC8,252692,Pharmacists,11.1,
public,ZF Mgcawu DM,DC8,252692,Physiotherapists,5.8,
public,ZF Mgcawu DM,DC8,252692,Professional_nurses,111.8,
public,ZF Mgcawu DM,DC8,252692,Psychologists,1.3,
public,ZF Mgcawu DM,DC8,252692,Radiographers,6.7,
public,ZF Mgcawu DM,DC8,252692,Clinical_associate,0,
public,ZF Mgcawu DM,DC8,252692,Dental_practitioners,2.2,
public,ZF Mgcawu DM,DC8,252692,Dental_therapists,1.3,
public,ZF Mgcawu DM,DC8,252692,Enrolled_nurses,26.3,
public,ZF Mgcawu DM,DC8,252692,Medical_practitioners,26.3,
public,ZF Mgcawu DM,DC8,252692,Medical_specialists,0.5,
public,ZF Mgcawu DM,DC8,252692,Health_worker_density,13,
public,ZF Mgcawu DM,DC8,252692,Environmental_health_practitioners,3.1,
public,Frances Baard DM,DC9,387741,Nursing_assistants,99.2,
public,Frances Baard DM,DC9,387741,Occupational_therapists,9.3,
public,Frances Baard DM,DC9,387741,Pharmacists,23.6,
public,Frances Baard DM,DC9,387741,Physiotherapists,8.1,
public,Frances Baard DM,DC9,387741,Professional_nurses,181.8,
public,Frances Baard DM,DC9,387741,Psychologists,4.4,
public,Frances Baard DM,DC9,387741,Radiographers,14,
public,Frances Baard DM,DC9,387741,Clinical_associate,0,
public,Frances Baard DM,DC9,387741,Dental_practitioners,5.9,
public,Frances Baard DM,DC9,387741,Dental_therapists,1.6,
public,Frances Baard DM,DC9,387741,Enrolled_nurses,26.4,
public,Frances Baard DM,DC9,387741,Medical_practitioners,97.6,
public,Frances Baard DM,DC9,387741,Medical_specialists,6.5,
public,Frances Baard DM,DC9,387741,Health_worker_density,30.3,
public,Frances Baard DM,DC9,387741,Environmental_health_practitioners,2.2,
public,City of Ekurhuleni MM,EKU,3379104,Nursing_assistants,40.1,
public,City of Ekurhuleni MM,EKU,3379104,Occupational_therapists,2.1,
public,City of Ekurhuleni MM,EKU,3379104,Pharmacists,9.6,
public,City of Ekurhuleni MM,EKU,3379104,Physiotherapists,2.1,
public,City of Ekurhuleni MM,EKU,3379104,Professional_nurses,92.4,
public,City of Ekurhuleni MM,EKU,3379104,Psychologists,0.8,
public,City of Ekurhuleni MM,EKU,3379104,Radiographers,4,
public,City of Ekurhuleni MM,EKU,3379104,Clinical_associate,0.1,
public,City of Ekurhuleni MM,EKU,3379104,Dental_practitioners,1.1,
public,City of Ekurhuleni MM,EKU,3379104,Dental_therapists,0.4,
public,City of Ekurhuleni MM,EKU,3379104,Enrolled_nurses,48.9,
public,City of Ekurhuleni MM,EKU,3379104,Medical_practitioners,31.1,
public,City of Ekurhuleni MM,EKU,3379104,Medical_specialists,3.9,
public,City of Ekurhuleni MM,EKU,3379104,Health_worker_density,12.2,
public,City of Ekurhuleni MM,EKU,3379104,Environmental_health_practitioners,0.9,
public,eThekwini MM,ETH,3702231,Nursing_assistants,69.2,
public,eThekwini MM,ETH,3702231,Occupational_therapists,1.6,
public,eThekwini MM,ETH,3702231,Pharmacists,10.4,
public,eThekwini MM,ETH,3702231,Physiotherapists,4.1,
public,eThekwini MM,ETH,3702231,Professional_nurses,173.7,
public,eThekwini MM,ETH,3702231,Psychologists,0.8,
public,eThekwini MM,ETH,3702231,Radiographers,8.4,
public,eThekwini MM,ETH,3702231,Clinical_associate,0.4,
public,eThekwini MM,ETH,3702231,Dental_practitioners,1.2,
public,eThekwini MM,ETH,3702231,Dental_therapists,1,
public,eThekwini MM,ETH,3702231,Enrolled_nurses,93.3,
public,eThekwini MM,ETH,3702231,Medical_practitioners,48.7,
public,eThekwini MM,ETH,3702231,Medical_specialists,16.3,
public,eThekwini MM,ETH,3702231,Health_worker_density,18,
public,eThekwini MM,ETH,3702231,Environmental_health_practitioners,0.7,
public,Johannesburg MM,JHB,4949347,Nursing_assistants,58.3,
public,Johannesburg MM,JHB,4949347,Occupational_therapists,2.2,
public,Johannesburg MM,JHB,4949347,Pharmacists,9,
public,Johannesburg MM,JHB,4949347,Physiotherapists,2.3,
public,Johannesburg MM,JHB,4949347,Professional_nurses,114.9,
public,Johannesburg MM,JHB,4949347,Psychologists,2,
public,Johannesburg MM,JHB,4949347,Radiographers,6.9,
public,Johannesburg MM,JHB,4949347,Clinical_associate,0.1,
public,Johannesburg MM,JHB,4949347,Dental_practitioners,1.5,
public,Johannesburg MM,JHB,4949347,Dental_therapists,0.2,
public,Johannesburg MM,JHB,4949347,Enrolled_nurses,62.6,
public,Johannesburg MM,JHB,4949347,Medical_practitioners,32.4,
public,Johannesburg MM,JHB,4949347,Medical_specialists,21.6,
public,Johannesburg MM,JHB,4949347,Health_worker_density,13.1,
public,Johannesburg MM,JHB,4949347,Environmental_health_practitioners,0.5,
public,MAN: Mangaung MM,MAN,787803,Nursing_assistants,169,
public,MAN: Mangaung MM,MAN,787803,Occupational_therapists,5.6,
public,MAN: Mangaung MM,MAN,787803,Pharmacists,19.7,
public,MAN: Mangaung MM,MAN,787803,Physiotherapists,6.2,
public,MAN: Mangaung MM,MAN,787803,Professional_nurses,161.2,
public,MAN: Mangaung MM,MAN,787803,Psychologists,2.5,
public,MAN: Mangaung MM,MAN,787803,Radiographers,13,
public,MAN: Mangaung MM,MAN,787803,Clinical_associate,0.6,
public,MAN: Mangaung MM,MAN,787803,Dental_practitioners,3.7,
public,MAN: Mangaung MM,MAN,787803,Dental_therapists,0,
public,MAN: Mangaung MM,MAN,787803,Enrolled_nurses,58.8,
public,MAN: Mangaung MM,MAN,787803,Medical_practitioners,46.5,
public,MAN: Mangaung MM,MAN,787803,Medical_specialists,45.1,
public,MAN: Mangaung MM,MAN,787803,Health_worker_density,21.4,
public,MAN: Mangaung MM,MAN,787803,Environmental_health_practitioners,2.2,
public,NMA: N Mandela Bay MM,NMA,1263051,Nursing_assistants,63.9,
public,NMA: N Mandela Bay MM,NMA,1263051,Occupational_therapists,3.6,
public,NMA: N Mandela Bay MM,NMA,1263051,Pharmacists,17.1,
public,NMA: N Mandela Bay MM,NMA,1263051,Physiotherapists,4.1,
public,NMA: N Mandela Bay MM,NMA,1263051,Professional_nurses,182.4,
public,NMA: N Mandela Bay MM,NMA,1263051,Psychologists,3.5,
public,NMA: N Mandela Bay MM,NMA,1263051,Radiographers,10.3,
public,NMA: N Mandela Bay MM,NMA,1263051,Clinical_associate,0,
public,NMA: N Mandela Bay MM,NMA,1263051,Dental_practitioners,3.4,
public,NMA: N Mandela Bay MM,NMA,1263051,Dental_therapists,0.3,
public,NMA: N Mandela Bay MM,NMA,1263051,Enrolled_nurses,45.8,
public,NMA: N Mandela Bay MM,NMA,1263051,Medical_practitioners,49.4,
public,NMA: N Mandela Bay MM,NMA,1263051,Medical_specialists,7.5,
public,NMA: N Mandela Bay MM,NMA,1263051,Health_worker_density,21.7,
public,NMA: N Mandela Bay MM,NMA,1263051,Environmental_health_practitioners,0.3,
public,Tshwane MM,TSH,3275152,Nursing_assistants,81,
public,Tshwane MM,TSH,3275152,Occupational_therapists,3.9,
public,Tshwane MM,TSH,3275152,Pharmacists,14,
public,Tshwane MM,TSH,3275152,Physiotherapists,3.6,
public,Tshwane MM,TSH,3275152,Professional_nurses,172.3,
public,Tshwane MM,TSH,3275152,Psychologists,3.5,
public,Tshwane MM,TSH,3275152,Radiographers,9.9,
public,Tshwane MM,TSH,3275152,Clinical_associate,0.6,
public,Tshwane MM,TSH,3275152,Dental_practitioners,5.2,
public,Tshwane MM,TSH,3275152,Dental_therapists,0.6,
public,Tshwane MM,TSH,3275152,Enrolled_nurses,95.1,
public,Tshwane MM,TSH,3275152,Medical_practitioners,39.9,
public,Tshwane MM,TSH,3275152,Medical_specialists,30.7,
public,Tshwane MM,TSH,3275152,Health_worker_density,18.6,
public,Tshwane MM,TSH,3275152,Environmental_health_practitioners,0.2,
private,Buffalo City MM,BUF,834997,Psychologists,9.5,
private,Buffalo City MM,BUF,834997,Medical_specialists,18.1,
private,Buffalo City MM,BUF,834997,Medical_practitioners,30.5,
private,Buffalo City MM,BUF,834997,Professional_nurses,41.8,
private,Buffalo City MM,BUF,834997,Enrolled_nurses,1.1,
private,Buffalo City MM,BUF,834997,Dental_therapists,0.1,
private,Buffalo City MM,BUF,834997,Dental_practitioners,6.7,
private,Buffalo City MM,BUF,834997,Clinical_associate,0,
private,Buffalo City MM,BUF,834997,Radiographers,1.2,
private,Buffalo City MM,BUF,834997,Physiotherapists,4.8,
private,Buffalo City MM,BUF,834997,Pharmacists,14.9,
private,Buffalo City MM,BUF,834997,Nursing_assistants,0,
private,Buffalo City MM,BUF,834997,Occupational_therapists,2.5,
private,Buffalo City MM,BUF,834997,Pharmacist_assistant,6.1,
private,Cape Town MM,CPT,4005016,Psychologists,27.5,
private,Cape Town MM,CPT,4005016,Medical_specialists,45.3,
private,Cape Town MM,CPT,4005016,Medical_practitioners,51.9,
private,Cape Town MM,CPT,4005016,Professional_nurses,50.4,
private,Cape Town MM,CPT,4005016,Enrolled_nurses,2,
private,Cape Town MM,CPT,4005016,Dental_therapists,0.1,
private,Cape Town MM,CPT,4005016,Dental_practitioners,16.1,
private,Cape Town MM,CPT,4005016,Clinical_associate,0,
private,Cape Town MM,CPT,4005016,Radiographers,2.7,
private,Cape Town MM,CPT,4005016,Physiotherapists,21.1,
private,Cape Town MM,CPT,4005016,Pharmacists,20.3,
private,Cape Town MM,CPT,4005016,Nursing_assistants,0.3,
private,Cape Town MM,CPT,4005016,Occupational_therapists,13.4,
private,Cape Town MM,CPT,4005016,Pharmacist_assistant,8.5,
private,West Coast DM,DC1,436403,Psychologists,4.4,
private,West Coast DM,DC1,436403,Medical_specialists,6.9,
private,West Coast DM,DC1,436403,Medical_practitioners,24.5,
private,West Coast DM,DC1,436403,Professional_nurses,29.8,
private,West Coast DM,DC1,436403,Enrolled_nurses,0.2,
private,West Coast DM,DC1,436403,Dental_therapists,0,
private,West Coast DM,DC1,436403,Dental_practitioners,8,
private,West Coast DM,DC1,436403,Clinical_associate,0,
private,West Coast DM,DC1,436403,Radiographers,2.5,
private,West Coast DM,DC1,436403,Physiotherapists,6.2,
private,West Coast DM,DC1,436403,Pharmacists,13.5,
private,West Coast DM,DC1,436403,Nursing_assistants,0,
private,West Coast DM,DC1,436403,Occupational_therapists,2.7,
private,West Coast DM,DC1,436403,Pharmacist_assistant,4.4,
private,Sedibeng DM,DC10,479923,Psychologists,18.1,
private,Sedibeng DM,DC10,479923,Medical_specialists,27.3,
private,Sedibeng DM,DC10,479923,Medical_practitioners,59,
private,Sedibeng DM,DC10,479923,Professional_nurses,82.1,
private,Sedibeng DM,DC10,479923,Enrolled_nurses,1.3,
private,Sedibeng DM,DC10,479923,Dental_therapists,2.1,
private,Sedibeng DM,DC10,479923,Dental_practitioners,13.8,
private,Sedibeng DM,DC10,479923,Clinical_associate,0,
private,Sedibeng DM,DC10,479923,Radiographers,2.3,
private,Sedibeng DM,DC10,479923,Physiotherapists,8.8,
private,Sedibeng DM,DC10,479923,Pharmacists,25.2,
private,Sedibeng DM,DC10,479923,Nursing_assistants,0.2,
private,Sedibeng DM,DC10,479923,Occupational_therapists,7.9,
private,Sedibeng DM,DC10,479923,Pharmacist_assistant,11.5,
private,Amathole DM,DC12,880790,Psychologists,0.8,
private,Amathole DM,DC12,880790,Medical_specialists,0.9,
private,Amathole DM,DC12,880790,Medical_practitioners,7,
private,Amathole DM,DC12,880790,Professional_nurses,12.7,
private,Amathole DM,DC12,880790,Enrolled_nurses,0.1,
private,Amathole DM,DC12,880790,Dental_therapists,0,
private,Amathole DM,DC12,880790,Dental_practitioners,0.9,
private,Amathole DM,DC12,880790,Clinical_associate,0,
private,Amathole DM,DC12,880790,Radiographers,0.2,
private,Amathole DM,DC12,880790,Physiotherapists,0.9,
private,Amathole DM,DC12,880790,Pharmacists,2.8,
private,Amathole DM,DC12,880790,Nursing_assistants,0,
private,Amathole DM,DC12,880790,Occupational_therapists,0.5,
private,Amathole DM,DC12,880790,Pharmacist_assistant,1.2,
private,C Hani DM,DC13,840055,Psychologists,1.1,
private,C Hani DM,DC13,840055,Medical_specialists,1.7,
private,C Hani DM,DC13,840055,Medical_practitioners,11.3,
private,C Hani DM,DC13,840055,Professional_nurses,14.9,
private,C Hani DM,DC13,840055,Enrolled_nurses,0.4,
private,C Hani DM,DC13,840055,Dental_therapists,0.1,
private,C Hani DM,DC13,840055,Dental_practitioners,1.7,
private,C Hani DM,DC13,840055,Clinical_associate,0,
private,C Hani DM,DC13,840055,Radiographers,0.4,
private,C Hani DM,DC13,840055,Physiotherapists,1.7,
private,C Hani DM,DC13,840055,Pharmacists,5.2,
private,C Hani DM,DC13,840055,Nursing_assistants,0.2,
private,C Hani DM,DC13,840055,Occupational_therapists,1.3,
private,C Hani DM,DC13,840055,Pharmacist_assistant,1.8,
private,iLembe DM,DC14,372912,Psychologists,6.4,
private,iLembe DM,DC14,372912,Medical_specialists,12.3,
private,iLembe DM,DC14,372912,Medical_practitioners,27.4,
private,iLembe DM,DC14,372912,Professional_nurses,27.9,
private,iLembe DM,DC14,372912,Dental_therapists,2.4,
private,iLembe DM,DC14,372912,Dental_practitioners,7,
private,iLembe DM,DC14,372912,Clinical_associate,0,
private,iLembe DM,DC14,372912,Radiographers,0.8,
private,iLembe DM,DC14,372912,Physiotherapists,7.8,
private,iLembe DM,DC14,372912,Pharmacists,11.8,
private,iLembe DM,DC14,372912,Nursing_assistants,0,
private,iLembe DM,DC14,372912,Occupational_therapists,3.2,
private,iLembe DM,DC14,372912,Pharmacist_assistant,5.1,
private,OR Tambo DM,DC15,1457384,Psychologists,0.9,
private,OR Tambo DM,DC15,1457384,Medical_specialists,3.6,
private,OR Tambo DM,DC15,1457384,Medical_practitioners,10.8,
private,OR Tambo DM,DC15,1457384,Professional_nurses,7.9,
private,OR Tambo DM,DC15,1457384,Enrolled_nurses,0,
private,OR Tambo DM,DC15,1457384,Dental_therapists,0.3,
private,OR Tambo DM,DC15,1457384,Dental_practitioners,1,
private,OR Tambo DM,DC15,1457384,Clinical_associate,0,
private,OR Tambo DM,DC15,1457384,Radiographers,0.8,
private,OR Tambo DM,DC15,1457384,Physiotherapists,0.8,
private,OR Tambo DM,DC15,1457384,Pharmacists,4.6,
private,OR Tambo DM,DC15,1457384,Nursing_assistants,0.1,
private,OR Tambo DM,DC15,1457384,Occupational_therapists,1,
private,OR Tambo DM,DC15,1457384,Pharmacist_assistant,1.9,
private,Xhariep DM,DC16,125884,Psychologists,0,
private,Xhariep DM,DC16,125884,Medical_specialists,0,
private,Xhariep DM,DC16,125884,Medical_practitioners,17.5,
private,Xhariep DM,DC16,125884,Professional_nurses,40.5,
private,Xhariep DM,DC16,125884,Enrolled_nurses,0,
private,Xhariep DM,DC16,125884,Dental_therapists,0,
private,Xhariep DM,DC16,125884,Dental_practitioners,0.8,
private,Xhariep DM,DC16,125884,Clinical_associate,0,
private,Xhariep DM,DC16,125884,Radiographers,0.8,
private,Xhariep DM,DC16,125884,Physiotherapists,4.8,
private,Xhariep DM,DC16,125884,Pharmacists,9.5,
private,Xhariep DM,DC16,125884,Nursing_assistants,0.8,
private,Xhariep DM,DC16,125884,Occupational_therapists,4.8,
private,Xhariep DM,DC16,125884,Pharmacist_assistant,4,
private,Lejweleputswa DM,DC18,646920,Psychologists,1.1,
private,Lejweleputswa DM,DC18,646920,Medical_specialists,6,
private,Lejweleputswa DM,DC18,646920,Medical_practitioners,18.4,
private,Lejweleputswa DM,DC18,646920,Professional_nurses,28.9,
private,Lejweleputswa DM,DC18,646920,Enrolled_nurses,0.3,
private,Lejweleputswa DM,DC18,646920,Dental_therapists,0.8,
private,Lejweleputswa DM,DC18,646920,Dental_practitioners,4.6,
private,Lejweleputswa DM,DC18,646920,Clinical_associate,0,
private,Lejweleputswa DM,DC18,646920,Radiographers,0.9,
private,Lejweleputswa DM,DC18,646920,Physiotherapists,3.7,
private,Lejweleputswa DM,DC18,646920,Pharmacists,10.2,
private,Lejweleputswa DM,DC18,646920,Nursing_assistants,0,
private,Lejweleputswa DM,DC18,646920,Occupational_therapists,2.2,
private,Lejweleputswa DM,DC18,646920,Pharmacist_assistant,6.2,
private,Tshwane MM,DC19,779330,Psychologists,106.6,
private,Tshwane MM,DC19,779330,Medical_specialists,183.7,
private,Tshwane MM,DC19,779330,Medical_practitioners,233.9,
private,Tshwane MM,DC19,779330,Professional_nurses,234,
private,Tshwane MM,DC19,779330,Enrolled_nurses,4.7,
private,Tshwane MM,DC19,779330,Dental_therapists,7.6,
private,Tshwane MM,DC19,779330,Dental_practitioners,73,
private,Tshwane MM,DC19,779330,Clinical_associate,0.5,
private,Tshwane MM,DC19,779330,Radiographers,11.2,
private,Tshwane MM,DC19,779330,Physiotherapists,77,
private,Tshwane MM,DC19,779330,Pharmacists,90.2,
private,Tshwane MM,DC19,779330,Nursing_assistants,0.4,
private,Tshwane MM,DC19,779330,Occupational_therapists,54.9,
private,Tshwane MM,DC19,779330,Pharmacist_assistant,32.6,
private,Cape Winelands DM,DC2,866001,Psychologists,20,
private,Cape Winelands DM,DC2,866001,Medical_specialists,21.8,
private,Cape Winelands DM,DC2,866001,Medical_practitioners,33.8,
private,Cape Winelands DM,DC2,866001,Professional_nurses,38.8,
private,Cape Winelands DM,DC2,866001,Enrolled_nurses,1.5,
private,Cape Winelands DM,DC2,866001,Dental_therapists,0,
private,Cape Winelands DM,DC2,866001,Dental_practitioners,9.9,
private,Cape Winelands DM,DC2,866001,Clinical_associate,0,
private,Cape Winelands DM,DC2,866001,Radiographers,1.8,
private,Cape Winelands DM,DC2,866001,Physiotherapists,13.5,
private,Cape Winelands DM,DC2,866001,Pharmacists,14.1,
private,Cape Winelands DM,DC2,866001,Nursing_assistants,0,
private,Cape Winelands DM,DC2,866001,Occupational_therapists,7.2,
private,Cape Winelands DM,DC2,866001,Pharmacist_assistant,5.8,
private,eThekwini MM,DC20,494777,Psychologists,82.5,
private,eThekwini MM,DC20,494777,Medical_specialists,233.4,
private,eThekwini MM,DC20,494777,Medical_practitioners,269.8,
private,eThekwini MM,DC20,494777,Professional_nurses,279.9,
private,eThekwini MM,DC20,494777,Enrolled_nurses,5.5,
private,eThekwini MM,DC20,494777,Dental_therapists,21.2,
private,eThekwini MM,DC20,494777,Dental_practitioners,70.3,
private,eThekwini MM,DC20,494777,Clinical_associate,0,
private,eThekwini MM,DC20,494777,Radiographers,12.3,
private,eThekwini MM,DC20,494777,Physiotherapists,78.2,
private,eThekwini MM,DC20,494777,Pharmacists,112.8,
private,eThekwini MM,DC20,494777,Nursing_assistants,0.6,
private,eThekwini MM,DC20,494777,Occupational_therapists,46.1,
private,eThekwini MM,DC20,494777,Pharmacist_assistant,45.7,
private,uMgungundlovu DM,DC21,753336,Psychologists,16.1,
private,uMgungundlovu DM,DC21,753336,Medical_specialists,29.5,
private,uMgungundlovu DM,DC21,753336,Medical_practitioners,46.1,
private,uMgungundlovu DM,DC21,753336,Professional_nurses,48.3,
private,uMgungundlovu DM,DC21,753336,Enrolled_nurses,1.3,
private,uMgungundlovu DM,DC21,753336,Dental_therapists,2.5,
private,uMgungundlovu DM,DC21,753336,Dental_practitioners,8.9,
private,uMgungundlovu DM,DC21,753336,Clinical_associate,0,
private,uMgungundlovu DM,DC21,753336,Radiographers,2.4,
private,uMgungundlovu DM,DC21,753336,Physiotherapists,12.5,
private,uMgungundlovu DM,DC21,753336,Pharmacists,17.3,
private,uMgungundlovu DM,DC21,753336,Nursing_assistants,0.1,
private,uMgungundlovu DM,DC21,753336,Occupational_therapists,7.7,
private,uMgungundlovu DM,DC21,753336,Pharmacist_assistant,8.6,
private,uMkhanyakude DM,DC22,1095865,Psychologists,0.3,
private,uMkhanyakude DM,DC22,1095865,Medical_specialists,1.3,
private,uMkhanyakude DM,DC22,1095865,Medical_practitioners,3.5,
private,uMkhanyakude DM,DC22,1095865,Professional_nurses,2.5,
private,uMkhanyakude DM,DC22,1095865,Enrolled_nurses,0,
private,uMkhanyakude DM,DC22,1095865,Dental_therapists,0.9,
private,uMkhanyakude DM,DC22,1095865,Dental_practitioners,0.5,
private,uMkhanyakude DM,DC22,1095865,Clinical_associate,0,
private,uMkhanyakude DM,DC22,1095865,Radiographers,0.4,
private,uMkhanyakude DM,DC22,1095865,Physiotherapists,0.9,
private,uMkhanyakude DM,DC22,1095865,Pharmacists,3,
private,uMkhanyakude DM,DC22,1095865,Nursing_assistants,0,
private,uMkhanyakude DM,DC22,1095865,Occupational_therapists,0.2,
private,uMkhanyakude DM,DC22,1095865,Pharmacist_assistant,1.4,
private,King Cetshwayo DM,DC23,706588,Psychologists,5.9,
private,King Cetshwayo DM,DC23,706588,Medical_specialists,13.2,
private,King Cetshwayo DM,DC23,706588,Medical_practitioners,19.5,
private,King Cetshwayo DM,DC23,706588,Professional_nurses,25.8,
private,King Cetshwayo DM,DC23,706588,Enrolled_nurses,0.6,
private,King Cetshwayo DM,DC23,706588,Dental_therapists,1,
private,King Cetshwayo DM,DC23,706588,Dental_practitioners,4.1,
private,King Cetshwayo DM,DC23,706588,Clinical_associate,0.1,
private,King Cetshwayo DM,DC23,706588,Radiographers,3.8,
private,King Cetshwayo DM,DC23,706588,Physiotherapists,3.8,
private,King Cetshwayo DM,DC23,706588,Pharmacists,7.8,
private,King Cetshwayo DM,DC23,706588,Nursing_assistants,0,
private,King Cetshwayo DM,DC23,706588,Occupational_therapists,1.7,
private,King Cetshwayo DM,DC23,706588,Pharmacist_assistant,5.4,
private,uThukela DM,DC24,554882,Psychologists,1.4,
private,uThukela DM,DC24,554882,Medical_specialists,5.8,
private,uThukela DM,DC24,554882,Medical_practitioners,15.3,
private,uThukela DM,DC24,554882,Professional_nurses,11,
private,uThukela DM,DC24,554882,Enrolled_nurses,1.1,
private,uThukela DM,DC24,554882,Dental_therapists,0.7,
private,uThukela DM,DC24,554882,Dental_practitioners,2.7,
private,uThukela DM,DC24,554882,Clinical_associate,0,
private,uThukela DM,DC24,554882,Radiographers,0.9,
private,uThukela DM,DC24,554882,Physiotherapists,2.3,
private,uThukela DM,DC24,554882,Pharmacists,7.7,
private,uThukela DM,DC24,554882,Nursing_assistants,0,
private,uThukela DM,DC24,554882,Occupational_therapists,2,
private,uThukela DM,DC24,554882,Pharmacist_assistant,3.8,
private,Amajuba DM,DC25,531327,Psychologists,2.6,
private,Amajuba DM,DC25,531327,Medical_specialists,8.5,
private,Amajuba DM,DC25,531327,Medical_practitioners,20.9,
private,Amajuba DM,DC25,531327,Professional_nurses,13.9,
private,Amajuba DM,DC25,531327,Enrolled_nurses,0.8,
private,Amajuba DM,DC25,531327,Dental_therapists,0.4,
private,Amajuba DM,DC25,531327,Dental_practitioners,4,
private,Amajuba DM,DC25,531327,Clinical_associate,0,
private,Amajuba DM,DC25,531327,Radiographers,1.7,
private,Amajuba DM,DC25,531327,Physiotherapists,3.6,
private,Amajuba DM,DC25,531327,Pharmacists,7,
private,Amajuba DM,DC25,531327,Nursing_assistants,0,
private,Amajuba DM,DC25,531327,Occupational_therapists,1.9,
private,Amajuba DM,DC25,531327,Pharmacist_assistant,2.4,
private,Zululand DM,DC26,892310,Psychologists,1.1,
private,Zululand DM,DC26,892310,Medical_specialists,2,
private,Zululand DM,DC26,892310,Medical_practitioners,8.5,
private,Zululand DM,DC26,892310,Professional_nurses,6.4,
private,Zululand DM,DC26,892310,Enrolled_nurses,0.2,
private,Zululand DM,DC26,892310,Dental_therapists,1.2,
private,Zululand DM,DC26,892310,Dental_practitioners,1.5,
private,Zululand DM,DC26,892310,Clinical_associate,0,
private,Zululand DM,DC26,892310,Radiographers,1.5,
private,Zululand DM,DC26,892310,Physiotherapists,2.4,
private,Zululand DM,DC26,892310,Pharmacists,3.2,
private,Zululand DM,DC26,892310,Nursing_assistants,0,
private,Zululand DM,DC26,892310,Occupational_therapists,1.1,
private,Zululand DM,DC26,892310,Pharmacist_assistant,0.6,
private,uMzinyathi DM,DC27,689090,Psychologists,0.9,
private,uMzinyathi DM,DC27,689090,Medical_specialists,1.3,
private,uMzinyathi DM,DC27,689090,Medical_practitioners,7.8,
private,uMzinyathi DM,DC27,689090,Professional_nurses,4.8,
private,uMzinyathi DM,DC27,689090,Enrolled_nurses,0.1,
private,uMzinyathi DM,DC27,689090,Dental_therapists,0.6,
private,uMzinyathi DM,DC27,689090,Dental_practitioners,0.9,
private,uMzinyathi DM,DC27,689090,Clinical_associate,0,
private,uMzinyathi DM,DC27,689090,Radiographers,0.6,
private,uMzinyathi DM,DC27,689090,Physiotherapists,1,
private,uMzinyathi DM,DC27,689090,Pharmacists,3.8,
private,uMzinyathi DM,DC27,689090,Nursing_assistants,0,
private,uMzinyathi DM,DC27,689090,Occupational_therapists,0.7,
private,uMzinyathi DM,DC27,689090,Pharmacist_assistant,2,
private,JT Gaetsewe DM,DC28,971135,Psychologists,0.8,
private,JT Gaetsewe DM,DC28,971135,Medical_specialists,0.7,
private,JT Gaetsewe DM,DC28,971135,Medical_practitioners,4,
private,JT Gaetsewe DM,DC28,971135,Professional_nurses,4.1,
private,JT Gaetsewe DM,DC28,971135,Enrolled_nurses,0,
private,JT Gaetsewe DM,DC28,971135,Dental_therapists,0.2,
private,JT Gaetsewe DM,DC28,971135,Dental_practitioners,1,
private,JT Gaetsewe DM,DC28,971135,Clinical_associate,0,
private,JT Gaetsewe DM,DC28,971135,Radiographers,0.1,
private,JT Gaetsewe DM,DC28,971135,Physiotherapists,0.9,
private,JT Gaetsewe DM,DC28,971135,Pharmacists,2,
private,JT Gaetsewe DM,DC28,971135,Nursing_assistants,0,
private,JT Gaetsewe DM,DC28,971135,Occupational_therapists,0.5,
private,JT Gaetsewe DM,DC28,971135,Pharmacist_assistant,0.4,
private,Harry Gwala DM,DC29,657612,Psychologists,1.4,
private,Harry Gwala DM,DC29,657612,Medical_specialists,1.2,
private,Harry Gwala DM,DC29,657612,Medical_practitioners,4.9,
private,Harry Gwala DM,DC29,657612,Professional_nurses,5.3,
private,Harry Gwala DM,DC29,657612,Enrolled_nurses,0,
private,Harry Gwala DM,DC29,657612,Dental_therapists,0.6,
private,Harry Gwala DM,DC29,657612,Dental_practitioners,0.8,
private,Harry Gwala DM,DC29,657612,Clinical_associate,0.2,
private,Harry Gwala DM,DC29,657612,Radiographers,0.3,
private,Harry Gwala DM,DC29,657612,Physiotherapists,1.8,
private,Harry Gwala DM,DC29,657612,Pharmacists,4.3,
private,Harry Gwala DM,DC29,657612,Nursing_assistants,0,
private,Harry Gwala DM,DC29,657612,Occupational_therapists,1.4,
private,Harry Gwala DM,DC29,657612,Pharmacist_assistant,2.4,
private,Overberg DM,DC3,286786,Psychologists,7.7,
private,Overberg DM,DC3,286786,Medical_specialists,16.4,
private,Overberg DM,DC3,286786,Medical_practitioners,34.5,
private,Overberg DM,DC3,286786,Professional_nurses,43.9,
private,Overberg DM,DC3,286786,Enrolled_nurses,2.8,
private,Overberg DM,DC3,286786,Dental_therapists,0,
private,Overberg DM,DC3,286786,Dental_practitioners,10.8,
private,Overberg DM,DC3,286786,Clinical_associate,0,
private,Overberg DM,DC3,286786,Radiographers,3.5,
private,Overberg DM,DC3,286786,Physiotherapists,11.9,
private,Overberg DM,DC3,286786,Pharmacists,16.7,
private,Overberg DM,DC3,286786,Nursing_assistants,0,
private,Overberg DM,DC3,286786,Occupational_therapists,4.2,
private,Overberg DM,DC3,286786,Pharmacist_assistant,11.2,
private,Frances Baard DM,DC30,1135409,Psychologists,2.2,
private,Frances Baard DM,DC30,1135409,Medical_specialists,6.7,
private,Frances Baard DM,DC30,1135409,Medical_practitioners,12.9,
private,Frances Baard DM,DC30,1135409,Professional_nurses,11.2,
private,Frances Baard DM,DC30,1135409,Enrolled_nurses,0.2,
private,Frances Baard DM,DC30,1135409,Dental_therapists,0.5,
private,Frances Baard DM,DC30,1135409,Dental_practitioners,2.8,
private,Frances Baard DM,DC30,1135409,Clinical_associate,0,
private,Frances Baard DM,DC30,1135409,Radiographers,0.5,
private,Frances Baard DM,DC30,1135409,Physiotherapists,2,
private,Frances Baard DM,DC30,1135409,Pharmacists,5.1,
private,Frances Baard DM,DC30,1135409,Nursing_assistants,0,
private,Frances Baard DM,DC30,1135409,Occupational_therapists,1.1,
private,Frances Baard DM,DC30,1135409,Pharmacist_assistant,2.9,
private,Nkangala DM,DC31,1445624,Psychologists,2.2,
private,Nkangala DM,DC31,1445624,Medical_specialists,7.3,
private,Nkangala DM,DC31,1445624,Medical_practitioners,17.2,
private,Nkangala DM,DC31,1445624,Professional_nurses,19.4,
private,Nkangala DM,DC31,1445624,Enrolled_nurses,0.4,
private,Nkangala DM,DC31,1445624,Dental_therapists,0.6,
private,Nkangala DM,DC31,1445624,Dental_practitioners,4.9,
private,Nkangala DM,DC31,1445624,Clinical_associate,0.1,
private,Nkangala DM,DC31,1445624,Radiographers,1.7,
private,Nkangala DM,DC31,1445624,Physiotherapists,3.3,
private,Nkangala DM,DC31,1445624,Pharmacists,7.5,
private,Nkangala DM,DC31,1445624,Nursing_assistants,0.1,
private,Nkangala DM,DC31,1445624,Occupational_therapists,1.9,
private,Nkangala DM,DC31,1445624,Pharmacist_assistant,2.8,
private,RS Mompati DM,DC32,1754931,Psychologists,0.1,
private,RS Mompati DM,DC32,1754931,Medical_specialists,0.5,
private,RS Mompati DM,DC32,1754931,Medical_practitioners,2.7,
private,RS Mompati DM,DC32,1754931,Professional_nurses,3,
private,RS Mompati DM,DC32,1754931,Enrolled_nurses,0.1,
private,RS Mompati DM,DC32,1754931,Dental_therapists,0.1,
private,RS Mompati DM,DC32,1754931,Dental_practitioners,0.4,
private,RS Mompati DM,DC32,1754931,Clinical_associate,0,
private,RS Mompati DM,DC32,1754931,Radiographers,0.1,
private,RS Mompati DM,DC32,1754931,Physiotherapists,0.5,
private,RS Mompati DM,DC32,1754931,Pharmacists,1.5,
private,RS Mompati DM,DC32,1754931,Nursing_assistants,0,
private,RS Mompati DM,DC32,1754931,Occupational_therapists,0.3,
private,RS Mompati DM,DC32,1754931,Pharmacist_assistant,0.5,
private,Mopani DM,DC33,1159185,Psychologists,1.2,
private,Mopani DM,DC33,1159185,Medical_specialists,5.3,
private,Mopani DM,DC33,1159185,Medical_practitioners,11.1,
private,Mopani DM,DC33,1159185,Professional_nurses,11.8,
private,Mopani DM,DC33,1159185,Enrolled_nurses,0.1,
private,Mopani DM,DC33,1159185,Dental_therapists,0.9,
private,Mopani DM,DC33,1159185,Dental_practitioners,4.4,
private,Mopani DM,DC33,1159185,Clinical_associate,0.2,
private,Mopani DM,DC33,1159185,Radiographers,1.3,
private,Mopani DM,DC33,1159185,Physiotherapists,4.1,
private,Mopani DM,DC33,1159185,Pharmacists,6.6,
private,Mopani DM,DC33,1159185,Nursing_assistants,0,
private,Mopani DM,DC33,1159185,Occupational_therapists,2.5,
private,Mopani DM,DC33,1159185,Pharmacist_assistant,1.8,
private,Vhembe DM,DC34,1393949,Psychologists,0.9,
private,Vhembe DM,DC34,1393949,Medical_specialists,3.9,
private,Vhembe DM,DC34,1393949,Medical_practitioners,11,
private,Vhembe DM,DC34,1393949,Professional_nurses,11.7,
private,Vhembe DM,DC34,1393949,Enrolled_nurses,0.1,
private,Vhembe DM,DC34,1393949,Dental_therapists,1.5,
private,Vhembe DM,DC34,1393949,Dental_practitioners,2,
private,Vhembe DM,DC34,1393949,Clinical_associate,0.1,
private,Vhembe DM,DC34,1393949,Radiographers,0.8,
private,Vhembe DM,DC34,1393949,Physiotherapists,2.6,
private,Vhembe DM,DC34,1393949,Pharmacists,4.7,
private,Vhembe DM,DC34,1393949,Nursing_assistants,0,
private,Vhembe DM,DC34,1393949,Occupational_therapists,1.4,
private,Vhembe DM,DC34,1393949,Pharmacist_assistant,1.4,
private,Capricorn DM,DC35,1330436,Psychologists,4.4,
private,Capricorn DM,DC35,1330436,Medical_specialists,14.4,
private,Capricorn DM,DC35,1330436,Medical_practitioners,24,
private,Capricorn DM,DC35,1330436,Professional_nurses,17.1,
private,Capricorn DM,DC35,1330436,Enrolled_nurses,0,
private,Capricorn DM,DC35,1330436,Dental_therapists,1.2,
private,Capricorn DM,DC35,1330436,Dental_practitioners,5.9,
private,Capricorn DM,DC35,1330436,Clinical_associate,0.1,
private,Capricorn DM,DC35,1330436,Radiographers,0.8,
private,Capricorn DM,DC35,1330436,Physiotherapists,7.1,
private,Capricorn DM,DC35,1330436,Pharmacists,7.3,
private,Capricorn DM,DC35,1330436,Nursing_assistants,0,
private,Capricorn DM,DC35,1330436,Occupational_therapists,4.7,
private,Capricorn DM,DC35,1330436,Pharmacist_assistant,3.2,
private,Waterberg DM,DC36,745758,Psychologists,3.1,
private,Waterberg DM,DC36,745758,Medical_specialists,6.6,
private,Waterberg DM,DC36,745758,Medical_practitioners,21.1,
private,Waterberg DM,DC36,745758,Professional_nurses,18.2,
private,Waterberg DM,DC36,745758,Enrolled_nurses,0.1,
private,Waterberg DM,DC36,745758,Dental_therapists,0.8,
private,Waterberg DM,DC36,745758,Dental_practitioners,6,
private,Waterberg DM,DC36,745758,Clinical_associate,0.1,
private,Waterberg DM,DC36,745758,Radiographers,1.3,
private,Waterberg DM,DC36,745758,Physiotherapists,5.9,
private,Waterberg DM,DC36,745758,Pharmacists,8.3,
private,Waterberg DM,DC36,745758,Nursing_assistants,0,
private,Waterberg DM,DC36,745758,Occupational_therapists,3.1,
private,Waterberg DM,DC36,745758,Pharmacist_assistant,3,
private,"Bojanala PlatinumDM",DC37,1657148,Psychologists,3.1,
private,"Bojanala PlatinumDM",DC37,1657148,Medical_specialists,8,
private,"Bojanala PlatinumDM",DC37,1657148,Medical_practitioners,18.5,
private,"Bojanala PlatinumDM",DC37,1657148,Professional_nurses,18.8,
private,"Bojanala PlatinumDM",DC37,1657148,Enrolled_nurses,0.1,
private,"Bojanala PlatinumDM",DC37,1657148,Dental_therapists,1.1,
private,"Bojanala PlatinumDM",DC37,1657148,Dental_practitioners,4.9,
private,"Bojanala PlatinumDM",DC37,1657148,Clinical_associate,0,
private,"Bojanala PlatinumDM",DC37,1657148,Radiographers,0.7,
private,"Bojanala PlatinumDM",DC37,1657148,Physiotherapists,3.4,
private,"Bojanala PlatinumDM",DC37,1657148,Pharmacists,8.3,
private,"Bojanala PlatinumDM",DC37,1657148,Nursing_assistants,0.1,
private,"Bojanala PlatinumDM",DC37,1657148,Occupational_therapists,1.5,
private,"Bojanala PlatinumDM",DC37,1657148,Pharmacist_assistant,3.6,
private,NM Molema DM,DC38,889108,Psychologists,2.9,
private,NM Molema DM,DC38,889108,Medical_specialists,5.1,
private,NM Molema DM,DC38,889108,Medical_practitioners,15.1,
private,NM Molema DM,DC38,889108,Professional_nurses,13.7,
private,NM Molema DM,DC38,889108,Enrolled_nurses,0.4,
private,NM Molema DM,DC38,889108,Dental_therapists,1,
private,NM Molema DM,DC38,889108,Dental_practitioners,2.5,
private,NM Molema DM,DC38,889108,Clinical_associate,0,
private,NM Molema DM,DC38,889108,Radiographers,0.6,
private,NM Molema DM,DC38,889108,Physiotherapists,2.6,
private,NM Molema DM,DC38,889108,Pharmacists,7.1,
private,NM Molema DM,DC38,889108,Nursing_assistants,0.4,
private,NM Molema DM,DC38,889108,Occupational_therapists,1.2,
private,NM Molema DM,DC38,889108,Pharmacist_assistant,3.4,
private,Sarah Baartman DM,DC39,459357,Psychologists,12.4,
private,Sarah Baartman DM,DC39,459357,Medical_specialists,5.2,
private,Sarah Baartman DM,DC39,459357,Medical_practitioners,21.1,
private,Sarah Baartman DM,DC39,459357,Professional_nurses,42.5,
private,Sarah Baartman DM,DC39,459357,Enrolled_nurses,0.9,
private,Sarah Baartman DM,DC39,459357,Dental_therapists,0.2,
private,Sarah Baartman DM,DC39,459357,Dental_practitioners,7.4,
private,Sarah Baartman DM,DC39,459357,Clinical_associate,0,
private,Sarah Baartman DM,DC39,459357,Radiographers,0.4,
private,Sarah Baartman DM,DC39,459357,Physiotherapists,6.7,
private,Sarah Baartman DM,DC39,459357,Pharmacists,17.2,
private,Sarah Baartman DM,DC39,459357,Nursing_assistants,0.2,
private,Sarah Baartman DM,DC39,459357,Occupational_therapists,2.6,
private,Sarah Baartman DM,DC39,459357,Pharmacist_assistant,8.3,
private,G Sibande DM,DC4,611278,Psychologists,5.9,
private,G Sibande DM,DC4,611278,Medical_specialists,10.3,
private,G Sibande DM,DC4,611278,Medical_practitioners,35.8,
private,G Sibande DM,DC4,611278,Professional_nurses,34,
private,G Sibande DM,DC4,611278,Enrolled_nurses,1,
private,G Sibande DM,DC4,611278,Dental_therapists,1.1,
private,G Sibande DM,DC4,611278,Dental_practitioners,11.6,
private,G Sibande DM,DC4,611278,Clinical_associate,0.3,
private,G Sibande DM,DC4,611278,Radiographers,2.3,
private,G Sibande DM,DC4,611278,Physiotherapists,7.7,
private,G Sibande DM,DC4,611278,Pharmacists,16.7,
private,G Sibande DM,DC4,611278,Nursing_assistants,0.5,
private,G Sibande DM,DC4,611278,Occupational_therapists,5.4,
private,G Sibande DM,DC4,611278,Pharmacist_assistant,5.7,
private,Dr K Kaunda DM,DC40,742821,Psychologists,13.2,
private,Dr K Kaunda DM,DC40,742821,Medical_specialists,13.3,
private,Dr K Kaunda DM,DC40,742821,Medical_practitioners,27.9,
private,Dr K Kaunda DM,DC40,742821,Professional_nurses,40.3,
private,Dr K Kaunda DM,DC40,742821,Enrolled_nurses,0.7,
private,Dr K Kaunda DM,DC40,742821,Dental_therapists,0.4,
private,Dr K Kaunda DM,DC40,742821,Dental_practitioners,6.3,
private,Dr K Kaunda DM,DC40,742821,Clinical_associate,0.1,
private,Dr K Kaunda DM,DC40,742821,Radiographers,1.3,
private,Dr K Kaunda DM,DC40,742821,Physiotherapists,5.7,
private,Dr K Kaunda DM,DC40,742821,Pharmacists,17.6,
private,Dr K Kaunda DM,DC40,742821,Nursing_assistants,0.7,
private,Dr K Kaunda DM,DC40,742821,Occupational_therapists,4.3,
private,Dr K Kaunda DM,DC40,742821,Pharmacist_assistant,5.5,
private,Sekhukhune DM,DC42,957528,Psychologists,0.6,
private,Sekhukhune DM,DC42,957528,Medical_specialists,4.6,
private,Sekhukhune DM,DC42,957528,Medical_practitioners,11.8,
private,Sekhukhune DM,DC42,957528,Professional_nurses,6.5,
private,Sekhukhune DM,DC42,957528,Enrolled_nurses,0.1,
private,Sekhukhune DM,DC42,957528,Dental_therapists,0.6,
private,Sekhukhune DM,DC42,957528,Dental_practitioners,3.6,
private,Sekhukhune DM,DC42,957528,Clinical_associate,0,
private,Sekhukhune DM,DC42,957528,Radiographers,0,
private,Sekhukhune DM,DC42,957528,Physiotherapists,2.1,
private,Sekhukhune DM,DC42,957528,Pharmacists,7.7,
private,Sekhukhune DM,DC42,957528,Nursing_assistants,0,
private,Sekhukhune DM,DC42,957528,Occupational_therapists,1.8,
private,Sekhukhune DM,DC42,957528,Pharmacist_assistant,2.9,
private,Garden Route DM,DC43,510865,Psychologists,15.7,
private,Garden Route DM,DC43,510865,Medical_specialists,29.9,
private,Garden Route DM,DC43,510865,Medical_practitioners,47.8,
private,Garden Route DM,DC43,510865,Professional_nurses,63.4,
private,Garden Route DM,DC43,510865,Enrolled_nurses,1.4,
private,Garden Route DM,DC43,510865,Dental_therapists,0,
private,Garden Route DM,DC43,510865,Dental_practitioners,16.4,
private,Garden Route DM,DC43,510865,Clinical_associate,0,
private,Garden Route DM,DC43,510865,Radiographers,2.9,
private,Garden Route DM,DC43,510865,Physiotherapists,18,
private,Garden Route DM,DC43,510865,Pharmacists,28,
private,Garden Route DM,DC43,510865,Nursing_assistants,0.4,
private,Garden Route DM,DC43,510865,Occupational_therapists,6.3,
private,Garden Route DM,DC43,510865,Pharmacist_assistant,9.8,
private,A Nzo DM,DC44,867864,Psychologists,0.1,
private,A Nzo DM,DC44,867864,Medical_specialists,0.8,
private,A Nzo DM,DC44,867864,Medical_practitioners,4.5,
private,A Nzo DM,DC44,867864,Professional_nurses,6.5,
private,A Nzo DM,DC44,867864,Enrolled_nurses,0,
private,A Nzo DM,DC44,867864,Dental_therapists,0.5,
private,A Nzo DM,DC44,867864,Dental_practitioners,0.6,
private,A Nzo DM,DC44,867864,Clinical_associate,0,
private,A Nzo DM,DC44,867864,Radiographers,0,
private,A Nzo DM,DC44,867864,Physiotherapists,0.5,
private,A Nzo DM,DC44,867864,Pharmacists,2.9,
private,A Nzo DM,DC44,867864,Nursing_assistants,0.2,
private,A Nzo DM,DC44,867864,Occupational_therapists,0.1,
private,A Nzo DM,DC44,867864,Pharmacist_assistant,0.6,
private,Joe Gqabi DM,DC45,242264,Medical_specialists,1.2,
private,Joe Gqabi DM,DC45,242264,Medical_practitioners,11.6,
private,Joe Gqabi DM,DC45,242264,Professional_nurses,19.4,
private,Joe Gqabi DM,DC45,242264,Enrolled_nurses,0.4,
private,Joe Gqabi DM,DC45,242264,Dental_therapists,1.7,
private,Joe Gqabi DM,DC45,242264,Dental_practitioners,1.7,
private,Joe Gqabi DM,DC45,242264,Clinical_associate,0,
private,Joe Gqabi DM,DC45,242264,Radiographers,0.4,
private,Joe Gqabi DM,DC45,242264,Physiotherapists,1.7,
private,Joe Gqabi DM,DC45,242264,Pharmacists,7.4,
private,Joe Gqabi DM,DC45,242264,Nursing_assistants,1.2,
private,Joe Gqabi DM,DC45,242264,Occupational_therapists,0.4,
private,Joe Gqabi DM,DC45,242264,Pharmacist_assistant,2.1,
private,T Mofutsanyana DM,DC47,1169762,Psychologists,1.7,
private,T Mofutsanyana DM,DC47,1169762,Medical_specialists,4.2,
private,T Mofutsanyana DM,DC47,1169762,Medical_practitioners,10.9,
private,T Mofutsanyana DM,DC47,1169762,Professional_nurses,13.9,
private,T Mofutsanyana DM,DC47,1169762,Enrolled_nurses,0.1,
private,T Mofutsanyana DM,DC47,1169762,Dental_therapists,0.6,
private,T Mofutsanyana DM,DC47,1169762,Dental_practitioners,2.1,
private,T Mofutsanyana DM,DC47,1169762,Clinical_associate,0,
private,T Mofutsanyana DM,DC47,1169762,Radiographers,0.4,
private,T Mofutsanyana DM,DC47,1169762,Physiotherapists,2.6,
private,T Mofutsanyana DM,DC47,1169762,Pharmacists,5.1,
private,T Mofutsanyana DM,DC47,1169762,Nursing_assistants,0.1,
private,T Mofutsanyana DM,DC47,1169762,Occupational_therapists,1.5,
private,T Mofutsanyana DM,DC47,1169762,Pharmacist_assistant,1.7,
private,West Rand DM,DC48,838594,Psychologists,5.1,
private,West Rand DM,DC48,838594,Medical_specialists,15.5,
private,West Rand DM,DC48,838594,Medical_practitioners,28.5,
private,West Rand DM,DC48,838594,Professional_nurses,48.2,
private,West Rand DM,DC48,838594,Enrolled_nurses,0.6,
private,West Rand DM,DC48,838594,Dental_therapists,0.2,
private,West Rand DM,DC48,838594,Dental_practitioners,6.6,
private,West Rand DM,DC48,838594,Clinical_associate,0,
private,West Rand DM,DC48,838594,Radiographers,1.7,
private,West Rand DM,DC48,838594,Physiotherapists,6.8,
private,West Rand DM,DC48,838594,Pharmacists,11.1,
private,West Rand DM,DC48,838594,Nursing_assistants,0,
private,West Rand DM,DC48,838594,Occupational_therapists,4.1,
private,West Rand DM,DC48,838594,Pharmacist_assistant,5.1,
private,Central Karoo DM,DC5,74247,Psychologists,0,
private,Central Karoo DM,DC5,74247,Medical_specialists,1.3,
private,Central Karoo DM,DC5,74247,Medical_practitioners,10.8,
private,Central Karoo DM,DC5,74247,Professional_nurses,40.4,
private,Central Karoo DM,DC5,74247,Enrolled_nurses,0,
private,Central Karoo DM,DC5,74247,Dental_therapists,0,
private,Central Karoo DM,DC5,74247,Dental_practitioners,0,
private,Central Karoo DM,DC5,74247,Clinical_associate,0,
private,Central Karoo DM,DC5,74247,Radiographers,1.3,
private,Central Karoo DM,DC5,74247,Physiotherapists,4,
private,Central Karoo DM,DC5,74247,Pharmacists,8.1,
private,Central Karoo DM,DC5,74247,Nursing_assistants,1.3,
private,Central Karoo DM,DC5,74247,Occupational_therapists,1.3,
private,Central Karoo DM,DC5,74247,Pharmacist_assistant,10.8,
private,Namakwa DM,DC6,115488,Psychologists,0.9,
private,Namakwa DM,DC6,115488,Medical_specialists,2.6,
private,Namakwa DM,DC6,115488,Medical_practitioners,18.2,
private,Namakwa DM,DC6,115488,Professional_nurses,43.3,
private,Namakwa DM,DC6,115488,Enrolled_nurses,0,
private,Namakwa DM,DC6,115488,Dental_therapists,0,
private,Namakwa DM,DC6,115488,Dental_practitioners,3.5,
private,Namakwa DM,DC6,115488,Clinical_associate,0,
private,Namakwa DM,DC6,115488,Radiographers,0.9,
private,Namakwa DM,DC6,115488,Physiotherapists,6.1,
private,Namakwa DM,DC6,115488,Pharmacists,9.5,
private,Namakwa DM,DC6,115488,Nursing_assistants,1.7,
private,Namakwa DM,DC6,115488,Occupational_therapists,0.9,
private,Namakwa DM,DC6,115488,Pharmacist_assistant,0,
private,Pixley Ka Seme DM,DC7,195595,Psychologists,1,
private,Pixley Ka Seme DM,DC7,195595,Medical_specialists,2.6,
private,Pixley Ka Seme DM,DC7,195595,Medical_practitioners,11.2,
private,Pixley Ka Seme DM,DC7,195595,Professional_nurses,30.7,
private,Pixley Ka Seme DM,DC7,195595,Enrolled_nurses,0.5,
private,Pixley Ka Seme DM,DC7,195595,Dental_therapists,0,
private,Pixley Ka Seme DM,DC7,195595,Dental_practitioners,1,
private,Pixley Ka Seme DM,DC7,195595,Clinical_associate,0,
private,Pixley Ka Seme DM,DC7,195595,Radiographers,11.2,
private,Pixley Ka Seme DM,DC7,195595,Physiotherapists,4.6,
private,Pixley Ka Seme DM,DC7,195595,Pharmacists,8.7,
private,Pixley Ka Seme DM,DC7,195595,Nursing_assistants,1.5,
private,Pixley Ka Seme DM,DC7,195595,Occupational_therapists,2,
private,Pixley Ka Seme DM,DC7,195595,Pharmacist_assistant,3.1,
private,ZF Mgcawu DM,DC8,252692,Psychologists,2.8,
private,ZF Mgcawu DM,DC8,252692,Medical_specialists,7.1,
private,ZF Mgcawu DM,DC8,252692,Medical_practitioners,17.4,
private,ZF Mgcawu DM,DC8,252692,Professional_nurses,24.1,
private,ZF Mgcawu DM,DC8,252692,Enrolled_nurses,0.4,
private,ZF Mgcawu DM,DC8,252692,Dental_therapists,0.4,
private,ZF Mgcawu DM,DC8,252692,Dental_practitioners,4.7,
private,ZF Mgcawu DM,DC8,252692,Clinical_associate,0,
private,ZF Mgcawu DM,DC8,252692,Radiographers,0.4,
private,ZF Mgcawu DM,DC8,252692,Physiotherapists,3.2,
private,ZF Mgcawu DM,DC8,252692,Pharmacists,9.9,
private,ZF Mgcawu DM,DC8,252692,Nursing_assistants,0,
private,ZF Mgcawu DM,DC8,252692,Occupational_therapists,2.8,
private,ZF Mgcawu DM,DC8,252692,Pharmacist_assistant,4.4,
private,Fezile Dabi DM,DC9,387741,Psychologists,5.9,
private,Fezile Dabi DM,DC9,387741,Medical_specialists,5.9,
private,Fezile Dabi DM,DC9,387741,Medical_practitioners,25.3,
private,Fezile Dabi DM,DC9,387741,Professional_nurses,32,
private,Fezile Dabi DM,DC9,387741,Enrolled_nurses,0.8,
private,Fezile Dabi DM,DC9,387741,Dental_therapists,1.3,
private,Fezile Dabi DM,DC9,387741,Dental_practitioners,6.2,
private,Fezile Dabi DM,DC9,387741,Clinical_associate,0,
private,Fezile Dabi DM,DC9,387741,Radiographers,0.8,
private,Fezile Dabi DM,DC9,387741,Physiotherapists,6.4,
private,Fezile Dabi DM,DC9,387741,Pharmacists,16.2,
private,Fezile Dabi DM,DC9,387741,Nursing_assistants,0.3,
private,Fezile Dabi DM,DC9,387741,Occupational_therapists,4.1,
private,Fezile Dabi DM,DC9,387741,Pharmacist_assistant,5.2,
private,City of Ekurhuleni MM,EKU,3379104,Psychologists,8.3,
private,City of Ekurhuleni MM,EKU,3379104,Medical_specialists,17.7,
private,City of Ekurhuleni MM,EKU,3379104,Medical_practitioners,29.4,
private,City of Ekurhuleni MM,EKU,3379104,Professional_nurses,37.4,
private,City of Ekurhuleni MM,EKU,3379104,Enrolled_nurses,0.8,
private,City of Ekurhuleni MM,EKU,3379104,Dental_therapists,0.8,
private,City of Ekurhuleni MM,EKU,3379104,Dental_practitioners,7.9,
private,City of Ekurhuleni MM,EKU,3379104,Clinical_associate,0.1,
private,City of Ekurhuleni MM,EKU,3379104,Radiographers,1.7,
private,City of Ekurhuleni MM,EKU,3379104,Physiotherapists,8.4,
private,City of Ekurhuleni MM,EKU,3379104,Pharmacists,12.7,
private,City of Ekurhuleni MM,EKU,3379104,Nursing_assistants,0.2,
private,City of Ekurhuleni MM,EKU,3379104,Occupational_therapists,5.3,
private,City of Ekurhuleni MM,EKU,3379104,Pharmacist_assistant,5.9,
private,Ehlanzeni DM,ETH,3702231,Psychologists,1.6,
private,Ehlanzeni DM,ETH,3702231,Medical_specialists,3.5,
private,Ehlanzeni DM,ETH,3702231,Medical_practitioners,8.2,
private,Ehlanzeni DM,ETH,3702231,Professional_nurses,9.2,
private,Ehlanzeni DM,ETH,3702231,Enrolled_nurses,0.2,
private,Ehlanzeni DM,ETH,3702231,Dental_therapists,0.4,
private,Ehlanzeni DM,ETH,3702231,Dental_practitioners,2,
private,Ehlanzeni DM,ETH,3702231,Clinical_associate,0,
private,Ehlanzeni DM,ETH,3702231,Radiographers,0.5,
private,Ehlanzeni DM,ETH,3702231,Physiotherapists,2.3,
private,Ehlanzeni DM,ETH,3702231,Pharmacists,3.6,
private,Ehlanzeni DM,ETH,3702231,Nursing_assistants,0.1,
private,Ehlanzeni DM,ETH,3702231,Occupational_therapists,1.8,
private,Ehlanzeni DM,ETH,3702231,Pharmacist_assistant,1.4,
private,JHB: Johannesburg MM,JHB,4949347,Psychologists,28.8,
private,JHB: Johannesburg MM,JHB,4949347,Medical_specialists,41.6,
private,JHB: Johannesburg MM,JHB,4949347,Medical_practitioners,43.8,
private,JHB: Johannesburg MM,JHB,4949347,Professional_nurses,47.8,
private,JHB: Johannesburg MM,JHB,4949347,Enrolled_nurses,1.1,
private,JHB: Johannesburg MM,JHB,4949347,Dental_therapists,1.1,
private,JHB: Johannesburg MM,JHB,4949347,Dental_practitioners,12.4,
private,JHB: Johannesburg MM,JHB,4949347,Clinical_associate,0.1,
private,JHB: Johannesburg MM,JHB,4949347,Radiographers,2.6,
private,JHB: Johannesburg MM,JHB,4949347,Physiotherapists,16.5,
private,JHB: Johannesburg MM,JHB,4949347,Pharmacists,21.8,
private,JHB: Johannesburg MM,JHB,4949347,Nursing_assistants,0.2,
private,JHB: Johannesburg MM,JHB,4949347,Occupational_therapists,11.9,
private,JHB: Johannesburg MM,JHB,4949347,Pharmacist_assistant,6.3,
private,MAN: Mangaung MM,MAN,787803,Psychologists,18.9,
private,MAN: Mangaung MM,MAN,787803,Medical_specialists,36.3,
private,MAN: Mangaung MM,MAN,787803,Medical_practitioners,43.4,
private,MAN: Mangaung MM,MAN,787803,Professional_nurses,58.5,
private,MAN: Mangaung MM,MAN,787803,Enrolled_nurses,1.9,
private,MAN: Mangaung MM,MAN,787803,Dental_therapists,0.8,
private,MAN: Mangaung MM,MAN,787803,Dental_practitioners,9.9,
private,MAN: Mangaung MM,MAN,787803,Clinical_associate,0,
private,MAN: Mangaung MM,MAN,787803,Radiographers,3.6,
private,MAN: Mangaung MM,MAN,787803,Physiotherapists,18.8,
private,MAN: Mangaung MM,MAN,787803,Pharmacists,16.9,
private,MAN: Mangaung MM,MAN,787803,Nursing_assistants,0.3,
private,MAN: Mangaung MM,MAN,787803,Occupational_therapists,12.3,
private,MAN: Mangaung MM,MAN,787803,Pharmacist_assistant,7.5,
private,NMA: N Mandela Bay MM,NMA,1263051,Psychologists,15.1,
private,NMA: N Mandela Bay MM,NMA,1263051,Medical_specialists,21.5,
private,NMA: N Mandela Bay MM,NMA,1263051,Medical_practitioners,35.5,
private,NMA: N Mandela Bay MM,NMA,1263051,Professional_nurses,55.4,
private,NMA: N Mandela Bay MM,NMA,1263051,Enrolled_nurses,2.9,
private,NMA: N Mandela Bay MM,NMA,1263051,Dental_therapists,0.2,
private,NMA: N Mandela Bay MM,NMA,1263051,Dental_practitioners,6.6,
private,NMA: N Mandela Bay MM,NMA,1263051,Clinical_associate,0,
private,NMA: N Mandela Bay MM,NMA,1263051,Radiographers,1.7,
private,NMA: N Mandela Bay MM,NMA,1263051,Physiotherapists,8.2,
private,NMA: N Mandela Bay MM,NMA,1263051,Pharmacists,24.9,
private,NMA: N Mandela Bay MM,NMA,1263051,Nursing_assistants,1.4,
private,NMA: N Mandela Bay MM,NMA,1263051,Occupational_therapists,5.1,
private,NMA: N Mandela Bay MM,NMA,1263051,Pharmacist_assistant,7.6,
private,Ugu DM,TSH,3275152,Psychologists,0.6,
private,Ugu DM,TSH,3275152,Medical_specialists,1.7,
private,Ugu DM,TSH,3275152,Medical_practitioners,4.6,
private,Ugu DM,TSH,3275152,Professional_nurses,4.3,
private,Ugu DM,TSH,3275152,Enrolled_nurses,0,
private,Ugu DM,TSH,3275152,Dental_therapists,0.2,
private,Ugu DM,TSH,3275152,Dental_practitioners,1,
private,Ugu DM,TSH,3275152,Clinical_associate,0,
private,Ugu DM,TSH,3275152,Radiographers,0.3,
private,Ugu DM,TSH,3275152,Physiotherapists,0.9,
private,Ugu DM,TSH,3275152,Pharmacists,2,
private,Ugu DM,TSH,3275152,Nursing_assistants,0,
private,Ugu DM,TSH,3275152,Occupational_therapists,0.2,
private,Ugu DM,TSH,3275152,Pharmacist_assistant,0.5,
private,Total,ZA,56720000,Psychologists,10.1,
private,Total,ZA,56720000,Medical_specialists,18.2,
private,Total,ZA,56720000,Medical_practitioners,27,
private,Total,ZA,56720000,Professional_nurses,30,
private,Total,ZA,56720000,Enrolled_nurses,0.7,
private,Total,ZA,56720000,Dental_therapists,0.9,
private,Total,ZA,56720000,Dental_practitioners,7.2,
private,Total,ZA,56720000,Clinical_associate,0,
private,Total,ZA,56720000,Radiographers,1.5,
private,Total,ZA,56720000,Physiotherapists,8.2,
private,Total,ZA,56720000,Pharmacists,12.2,
private,Total,ZA,56720000,Nursing_assistants,0.2,
private,Total,ZA,56720000,Occupational_therapists,5.2,
private,Total,ZA,56720000,Pharmacist_assistant,4.7,
